method,round,AP50,mIoU,Base_AP50,Base_mIoU,delta_vs_base_AP50,delta_vs_base_mIoU
Base,1,18.04826,31.140140000000002,18.04826,31.140140000000002,0.0,0.0
Base,2,21.425720000000002,32.910180000000004,21.425720000000002,32.910180000000004,0.0,0.0
Base,3,23.67996,33.77986,23.67996,33.77986,0.0,0.0
Base,4,24.679679999999998,34.22228,24.679679999999998,34.22228,0.0,0.0
Base,5,26.299020000000002,34.59468,26.299020000000002,34.59468,0.0,0.0
Base,6,26.841079999999998,34.51438,26.841079999999998,34.51438,0.0,0.0
Base,7,27.45842,34.3934,27.45842,34.3934,0.0,0.0
Base,8,27.886919999999996,34.09668,27.886919999999996,34.09668,0.0,0.0
Base,9,28.37888,33.6909,28.37888,33.6909,0.0,0.0
Base,10,28.819719999999997,33.332139999999995,28.819719999999997,33.332139999999995,0.0,0.0
Task-CoCo,1,18.06264,31.2983,18.04826,31.140140000000002,0.014379999999999171,0.15815999999999875
Task-CoCo,2,22.25918,33.17268,21.425720000000002,32.910180000000004,0.8334599999999988,0.26249999999999574
Task-CoCo,3,24.47542,33.65518,23.67996,33.77986,0.7954599999999985,-0.1246799999999979
Task-CoCo,4,25.911580000000004,33.47727999999999,24.679679999999998,34.22228,1.2319000000000067,-0.7450000000000045
Task-CoCo,5,26.959539999999997,33.23882,26.299020000000002,34.59468,0.6605199999999947,-1.3558599999999998
Task-CoCo,6,27.58764,32.8635,26.841079999999998,34.51438,0.7465600000000023,-1.6508800000000008
Task-CoCo,7,28.07336,32.424279999999996,27.45842,34.3934,0.6149400000000007,-1.9691200000000038
Task-CoCo,8,28.484859999999998,32.03986,27.886919999999996,34.09668,0.5979400000000012,-2.056820000000002
Task-CoCo,9,28.991239999999998,31.55858,28.37888,33.6909,0.6123599999999989,-2.13232
Task-CoCo,10,29.23932,31.145999999999997,28.819719999999997,33.332139999999995,0.41960000000000264,-2.186139999999998
lambda=0,1,19.2241,31.52988,18.04826,31.140140000000002,1.1758400000000009,0.3897399999999962
lambda=0,2,23.850479999999997,33.98006,21.425720000000002,32.910180000000004,2.4247599999999956,1.0698799999999977
lambda=0,3,26.613760000000003,34.98894,23.67996,33.77986,2.9338000000000015,1.2090800000000002
lambda=0,4,28.352639999999997,35.194720000000004,24.679679999999998,34.22228,3.67296,0.972440000000006
lambda=0,5,29.14812,35.2013,26.299020000000002,34.59468,2.8490999999999964,0.6066200000000066
lambda=0,6,29.8337,35.05892,26.841079999999998,34.51438,2.9926200000000023,0.5445399999999978
lambda=0,7,30.112260000000003,34.7399,27.45842,34.3934,2.6538400000000024,0.3464999999999989
lambda=0,8,30.00716,34.439,27.886919999999996,34.09668,2.1202400000000026,0.34232000000000085
lambda=0,9,30.49926,34.0421,28.37888,33.6909,2.120380000000001,0.3511999999999986
lambda=0,10,30.943279999999998,33.72634,28.819719999999997,33.332139999999995,2.1235600000000012,0.394200000000005
lambda=1,1,19.0161,31.997119999999995,18.04826,31.140140000000002,0.9678400000000025,0.856979999999993
lambda=1,2,23.97446,34.150819999999996,21.425720000000002,32.910180000000004,2.5487399999999987,1.240639999999992
lambda=1,3,26.344800000000003,34.68624,23.67996,33.77986,2.6648400000000017,0.9063799999999986
lambda=1,4,27.49236,34.36432,24.679679999999998,34.22228,2.812680000000004,0.1420400000000015
lambda=1,5,28.18016,33.99856,26.299020000000002,34.59468,1.8811399999999985,-0.5961199999999991
lambda=1,6,28.736720000000002,33.527,26.841079999999998,34.51438,1.8956400000000038,-0.9873800000000017
lambda=1,7,29.131420000000002,32.98443999999999,27.45842,34.3934,1.6730000000000018,-1.4089600000000075
lambda=1,8,29.35716,32.36898,27.886919999999996,34.09668,1.470240000000004,-1.7276999999999987
lambda=1,9,29.207000000000004,31.69934,28.37888,33.6909,0.8281200000000055,-1.9915599999999998
lambda=1,10,29.35426,31.26842,28.819719999999997,33.332139999999995,0.5345400000000033,-2.0637199999999964
