method,dataset,AP50,mIoU,AP50_std,mIoU_std
Base,fog_mtl,47.259339999999995,42.02362,3.091204723153165,1.7320871878234723
Base,motion_blur_mtl,18.35843,37.913650000000004,2.8252383309692264,1.1947080333704956
Base,snow_mtl,1.10213,10.75608,0.6994701217509024,0.3100872271546253
Base,brightness_mtl,41.26674,43.25217,5.663373213161532,2.0694573561685212
Base,defocus_blur_mtl,18.772190000000002,34.3918,5.305133136762713,2.0450272233993467
Task-CoCo,fog_mtl,47.42388,39.83116,3.21909338920828,3.268475360912009
Task-CoCo,motion_blur_mtl,19.03757,36.60983,3.0588319441141794,1.0650768225291962
Task-CoCo,snow_mtl,1.47441,11.74026,1.0228603558974543,0.9705623652753529
Task-CoCo,brightness_mtl,42.349419999999995,42.02874,5.897453560987149,1.340678059126134
Task-CoCo,defocus_blur_mtl,19.73711,32.22725,4.868263767036913,1.0250583400741407
lambda=0,fog_mtl,49.28689,44.58458,3.1683099432592705,2.1429121798773414
lambda=0,motion_blur_mtl,20.35435,36.56397,3.3887590171198525,0.9911423723831677
lambda=0,snow_mtl,1.7039000000000002,10.94443,1.2559453234737392,0.615109374285041
lambda=0,brightness_mtl,45.93725,46.35978,5.8262150891466415,2.441957764581525
lambda=0,defocus_blur_mtl,22.00999,32.997820000000004,5.682817160812253,1.6423639255658316
lambda=1,fog_mtl,47.06985,40.04391,2.875714064463911,3.6022118515187604
lambda=1,motion_blur_mtl,20.45634,36.7952,3.43662268002888,1.5469329217663075
lambda=1,snow_mtl,2.60635,12.51483,1.7967762602629311,1.4194205852702322
lambda=1,brightness_mtl,43.71279,42.61382,5.150826130599503,1.506270479473501
lambda=1,defocus_blur_mtl,21.55189,33.554860000000005,4.093567072438846,1.261176238631577
