method,dataset,R1_AP50,R10_AP50,delta_AP50,R1_mIoU,R10_mIoU,delta_mIoU
Base,fog_mtl,39.4218,49.5562,10.1344,42.3621,39.1545,-3.2075999999999993
Base,motion_blur_mtl,12.0331,20.8391,8.806,35.0009,37.4311,2.4301999999999992
Base,snow_mtl,0.2475,1.9489,1.7014,10.2493,10.9313,0.6820000000000004
Base,brightness_mtl,29.1262,46.4458,17.319599999999998,38.2165,44.1333,5.916799999999995
Base,defocus_blur_mtl,9.4127,25.3086,15.8959,29.8719,35.0105,5.1386
lambda=0,fog_mtl,40.5138,50.3582,9.844399999999993,42.9709,41.4437,-1.5272000000000006
lambda=0,motion_blur_mtl,12.3003,22.9785,10.6782,34.8953,35.3081,0.4128000000000043
lambda=0,snow_mtl,0.2475,3.8293,3.5818,10.2134,12.1479,1.9344999999999999
lambda=0,brightness_mtl,32.0789,50.7074,18.628500000000003,40.1714,46.9959,6.8245000000000005
lambda=0,defocus_blur_mtl,10.98,26.843,15.863,29.3984,32.7361,3.3377000000000017
lambda=1,fog_mtl,39.1625,47.5586,8.396099999999997,42.4289,34.8234,-7.605499999999999
lambda=1,motion_blur_mtl,12.5148,23.2776,10.7628,35.6179,34.4918,-1.126100000000001
lambda=1,snow_mtl,0.2475,5.2067,4.9592,10.4169,14.3431,3.9261999999999997
lambda=1,brightness_mtl,30.9124,46.7837,15.871300000000002,39.5098,41.0781,1.5683000000000007
lambda=1,defocus_blur_mtl,12.2433,23.9447,11.701400000000001,32.0121,31.6057,-0.4063999999999979
Task-CoCo,fog_mtl,39.1733,49.2037,10.0304,42.2773,34.8792,-7.3980999999999995
Task-CoCo,motion_blur_mtl,12.1599,22.5436,10.383700000000001,35.2276,35.2592,0.03159999999999741
Task-CoCo,snow_mtl,0.2475,3.108,2.8605,10.3672,12.8989,2.531699999999999
Task-CoCo,brightness_mtl,28.8049,46.8767,18.0718,38.7675,41.3419,2.5744000000000042
Task-CoCo,defocus_blur_mtl,9.9276,24.4646,14.537,29.8519,31.3508,1.498899999999999
