method,round,AP50,mIoU
Base,1,18.04826,31.140140000000002
Base,2,21.425720000000002,32.910180000000004
Base,3,23.67996,33.77986
Base,4,24.679679999999998,34.22228
Base,5,26.299020000000002,34.59468
Base,6,26.841079999999998,34.51438
Base,7,27.45842,34.3934
Base,8,27.886919999999996,34.09668
Base,9,28.37888,33.6909
Base,10,28.819719999999997,33.332139999999995
Task-CoCo,1,18.06264,31.2983
Task-CoCo,2,22.25918,33.17268
Task-CoCo,3,24.47542,33.65518
Task-CoCo,4,25.911580000000004,33.47727999999999
Task-CoCo,5,26.959539999999997,33.23882
Task-CoCo,6,27.58764,32.8635
Task-CoCo,7,28.07336,32.424279999999996
Task-CoCo,8,28.484859999999998,32.03986
Task-CoCo,9,28.991239999999998,31.55858
Task-CoCo,10,29.23932,31.145999999999997
lambda=0,1,19.2241,31.52988
lambda=0,2,23.850479999999997,33.98006
lambda=0,3,26.613760000000003,34.98894
lambda=0,4,28.352639999999997,35.194720000000004
lambda=0,5,29.14812,35.2013
lambda=0,6,29.8337,35.05892
lambda=0,7,30.112260000000003,34.7399
lambda=0,8,30.00716,34.439
lambda=0,9,30.49926,34.0421
lambda=0,10,30.943279999999998,33.72634
lambda=1,1,19.0161,31.997119999999995
lambda=1,2,23.97446,34.150819999999996
lambda=1,3,26.344800000000003,34.68624
lambda=1,4,27.49236,34.36432
lambda=1,5,28.18016,33.99856
lambda=1,6,28.736720000000002,33.527
lambda=1,7,29.131420000000002,32.98443999999999
lambda=1,8,29.35716,32.36898
lambda=1,9,29.207000000000004,31.69934
lambda=1,10,29.35426,31.26842
