run,protocol,arch,source,lr,mt,rst,strong_aug,ctcr_mode,w_ctcr,w_ctcl,cls_bal,scale_pres,anchor_marg,fisher_rst,v2_backbone,ctpv,seed,config,n_evals,AP50,mIoU,R1_AP50,R10_AP50,R1_mIoU,R10_mIoU,logdir
eval_acdc_new_w10,ACDC-1evals,PanopticFPN,,0.005,0.99,0.01,false,full_box,0.0,0.01,false,false,0.0,false,false,false,-1,panoptic_fpn_R_50.yaml,1,53.6011,42.7478,,,,,/media/ilias/DATA/ilias/amrod_output/logs
smoke_cotta_newsrc_acdc_s0_20260925_004725_1794148,ACDC-1evals,CoTTA_SemSeg,panoptic_fpn_R50_cityscapes_segw1,0.0001,0.99,0.01,false,full_box,0.0,0.01,false,false,0.0,false,false,false,0,cotta_newsrc_acdc.yaml,1,,43.2614,,,,,/media/ilias/DATA/ilias/amrod_output/logs
smoke_ctcmt_e11_bothsc_ctcrD,ACDC-1evals,CTCMT_MTL,panoptic_fpn_R50_cityscapes,0.001,0.9998,0.01,true,soft_seg_global,0.3,0.5,true,true,0.1,false,true,false,0,ctcmt_e11_bothsc_ctcrD.yaml,1,53.9125,40.4916,,,,,/media/ilias/DATA/ilias/amrod_output/logs
smoke_e24_acdc,ACDC-1evals,CTCMT_MTL,panoptic_fpn_R50_cityscapes,0.001,0.9998,0.01,true,soft_seg_global,0.3,0.5,true,true,0.1,false,true,false,0,ctcmt_e24_seghead_only_acdc.yaml,1,52.1789,39.2086,,,,,/media/ilias/DATA/ilias/amrod_output/logs
smoke_newsrc_ctcr_r25_acdc,ACDC-1evals,CTCMT_MTL,panoptic_fpn_R50_cityscapes_segw1,0.001,0.9998,0.01,true,soft_seg_global,0.3,0.0,true,true,0.1,false,true,false,0,newsrc_acdc_ctcr_r25.yaml,1,54.6928,43.9982,,,,,/media/ilias/DATA/ilias/amrod_output/logs
smoke_newsrc_ctcr_rblock_acdc,ACDC-1evals,CTCMT_MTL,panoptic_fpn_R50_cityscapes_segw1,0.001,0.9998,0.01,true,soft_seg_global,0.3,0.0,true,true,0.1,false,true,false,0,newsrc_acdc_ctcr_rblock.yaml,1,54.7207,44.0059,,,,,/media/ilias/DATA/ilias/amrod_output/logs
smoke_newsrc_taskcoco_acdc,ACDC-1evals,CTCMT_MTL,panoptic_fpn_R50_cityscapes_segw1,0.001,0.9998,0.01,true,soft_seg_global,0.3,0.0,true,true,0.1,false,true,false,0,newsrc_acdc_taskcoco.yaml,1,55.399,44.4337,,,,,/media/ilias/DATA/ilias/amrod_output/logs
smoke_tent_newsrc_acdc_s0_20260925_004725_1794148,ACDC-1evals,TENT_SemSeg,panoptic_fpn_R50_cityscapes_segw1,0.0001,0.99,0.01,false,full_box,0.0,0.01,false,false,0.0,false,false,false,0,tent_newsrc_acdc.yaml,1,,43.2594,,,,,/media/ilias/DATA/ilias/amrod_output/logs
amrod_newsrc_acdc4_s0,ACDC-4dom,AMROD,panoptic_fpn_R50_cityscapes_segw1,0.001,0.9998,0.01,false,full_box,0.0,0.01,false,false,0.0,false,false,false,0,amrod_newsrc_acdc.yaml,4,35.54705,,,,,,/media/ilias/DATA/ilias/amrod_output/logs
amrod_pfnsrc_seed0,ACDC-4dom,AMROD,panoptic_fpn_R50_cityscapes,0.001,0.9998,0.01,false,full_box,0.0,0.01,,,,false,false,false,0,amrod_pfn_R_50_ACDC.yaml,4,35.900400000000005,,,,,,/media/ilias/DATA/ilias/amrod_output/logs
cotta_newsrc_acdc4_s0,ACDC-4dom,CoTTA_SemSeg,panoptic_fpn_R50_cityscapes_segw1,0.0001,0.99,0.01,false,full_box,0.0,0.01,false,false,0.0,false,false,false,0,cotta_newsrc_acdc.yaml,4,,34.375925,,,,,/media/ilias/DATA/ilias/amrod_output/logs
cotta_pfnsrc_seed0,ACDC-4dom,CoTTA_SemSeg,panoptic_fpn_R50_cityscapes,0.0001,0.99,0.01,false,full_box,0.0,0.01,,,,false,false,false,0,cotta_semseg_pfn_R_50_ACDC.yaml,4,,30.88295,,,,,/media/ilias/DATA/ilias/amrod_output/logs
ctcr_D_acdc_seed0,ACDC-4dom,CTCMT_MTL,panoptic_fpn_R50_cityscapes,0.001,0.9998,0.01,,soft_seg_global,0.3,0.5,,,,,true,false,0,ctcmt_e8d_v2_softglobal_ctcr_no_ctpv.yaml,4,36.93675,35.051,,,,,/media/ilias/DATA/ilias/amrod_output/logs
ctcr_D_acdc_seed123,ACDC-4dom,CTCMT_MTL,panoptic_fpn_R50_cityscapes,0.001,0.9998,0.01,,soft_seg_global,0.3,0.5,,,,,true,false,123,ctcmt_e8d_v2_softglobal_ctcr_no_ctpv.yaml,4,37.157125,35.062075,,,,,/media/ilias/DATA/ilias/amrod_output/logs
ctcr_D_acdc_seed42,ACDC-4dom,CTCMT_MTL,panoptic_fpn_R50_cityscapes,0.001,0.9998,0.01,,soft_seg_global,0.3,0.5,,,,,true,false,42,ctcmt_e8d_v2_softglobal_ctcr_no_ctpv.yaml,4,37.129125,34.938475000000004,,,,,/media/ilias/DATA/ilias/amrod_output/logs
e10_both_acdc_seed0,ACDC-4dom,CTCMT_MTL,panoptic_fpn_R50_cityscapes,0.001,0.9998,0.01,true,full_box,0.3,0.5,true,,0.1,false,true,false,0,ctcmt_e10_both.yaml,4,38.74765,34.634625,,,,,/media/ilias/DATA/ilias/amrod_output/logs
e11_bothsc_ctcrD_acdc4_s0,ACDC-4dom,CTCMT_MTL,panoptic_fpn_R50_cityscapes,0.001,0.9998,0.01,true,soft_seg_global,0.3,0.5,true,true,0.1,false,true,false,0,ctcmt_e11_bothsc_ctcrD.yaml,4,38.378575,35.77145,,,,,/media/ilias/DATA/ilias/amrod_output/logs
e11_bothsc_ctcrD_acdc4_s123,ACDC-4dom,CTCMT_MTL,panoptic_fpn_R50_cityscapes,0.001,0.9998,0.01,true,soft_seg_global,0.3,0.5,true,true,0.1,false,true,false,123,ctcmt_e11_bothsc_ctcrD.yaml,4,37.887325,35.865024999999996,,,,,/media/ilias/DATA/ilias/amrod_output/logs
e11_bothsc_ctcrD_acdc4_s42,ACDC-4dom,CTCMT_MTL,panoptic_fpn_R50_cityscapes,0.001,0.9998,0.01,true,soft_seg_global,0.3,0.5,true,true,0.1,false,true,false,42,ctcmt_e11_bothsc_ctcrD.yaml,4,38.3445,35.96745,,,,,/media/ilias/DATA/ilias/amrod_output/logs
e24_seghead_only_acdc4_s0,ACDC-4dom,CTCMT_MTL,panoptic_fpn_R50_cityscapes,0.001,0.9998,0.01,true,soft_seg_global,0.3,0.5,true,true,0.1,false,true,false,0,ctcmt_e24_seghead_only_acdc.yaml,4,36.83315,34.02865,,,,,/media/ilias/DATA/ilias/amrod_output/logs
e25_detonly_acdc4_s0,ACDC-4dom,CTCMT_MTL,panoptic_fpn_R50_cityscapes,0.001,0.9998,0.01,true,soft_seg_global,0.3,0.5,true,true,0.1,false,true,false,0,ctcmt_e25_detonly_acdc.yaml,4,36.912825,33.88915,,,,,/media/ilias/DATA/ilias/amrod_output/logs
e27_s6_entropy_acdc4_s0,ACDC-4dom,CTCMT_MTL,panoptic_fpn_R50_cityscapes,0.001,0.9998,0.01,true,soft_seg_global,0.3,0.5,true,true,0.1,false,true,false,0,ctcmt_e27_s6_entropy_acdc.yaml,4,36.936375,33.884949999999996,,,,,/media/ilias/DATA/ilias/amrod_output/logs
e9_fisher_seed0,ACDC-4dom,CTCMT_MTL,panoptic_fpn_R50_cityscapes,0.001,0.9998,0.01,false,full_box,0.3,0.5,,,,true,true,false,0,ctcmt_e9_fisher.yaml,4,37.78025,35.46575,,,,,/media/ilias/DATA/ilias/amrod_output/logs
e9_strongaug_seed0,ACDC-4dom,CTCMT_MTL,panoptic_fpn_R50_cityscapes,0.001,0.9998,0.01,true,full_box,0.3,0.5,,,,false,true,false,0,ctcmt_e9_strongaug.yaml,4,38.193825000000004,35.427675,,,,,/media/ilias/DATA/ilias/amrod_output/logs
eval_acdc_new_48k_w10,ACDC-4dom,PanopticFPN,,0.005,0.99,0.01,false,full_box,0.0,0.01,false,false,0.0,false,false,false,-1,panoptic_fpn_R_50.yaml,4,34.2595,34.999775,,,,,/media/ilias/DATA/ilias/amrod_output/logs
eval_acdc_old_w05,ACDC-4dom,PanopticFPN,panoptic_fpn_R50_cityscapes,0.005,0.99,0.01,false,full_box,0.0,0.01,false,false,0.0,false,false,false,-1,panoptic_fpn_R_50.yaml,4,34.2076,32.201575,,,,,/media/ilias/DATA/ilias/amrod_output/logs
newsrc_taskcoco_acdcLT_s0,ACDC-4dom,CTCMT_MTL,panoptic_fpn_R50_cityscapes_segw1,0.001,0.9998,0.01,true,soft_seg_global,0.3,0.0,true,true,0.1,false,true,false,0,newsrc_acdc_taskcoco.yaml,4,38.072425,37.295175,,,,,/media/ilias/DATA/ilias/amrod_output/logs
source_only_pfn_acdc_full,ACDC-4dom,PanopticFPN,panoptic_fpn_R50_cityscapes,0.005,0.99,0.01,false,full_box,0.0,0.01,false,false,0.0,false,false,false,0,source_only_pfn_cs_c.yaml,4,34.2076,32.201575,,,,,/media/ilias/DATA/ilias/amrod_output/logs
tent_newsrc_acdc4_s0,ACDC-4dom,TENT_SemSeg,panoptic_fpn_R50_cityscapes_segw1,0.0001,0.99,0.01,false,full_box,0.0,0.01,false,false,0.0,false,false,false,0,tent_newsrc_acdc.yaml,4,,35.2887,,,,,/media/ilias/DATA/ilias/amrod_output/logs
tent_pfnsrc_seed0,ACDC-4dom,TENT_SemSeg,panoptic_fpn_R50_cityscapes,0.0001,0.99,0.01,false,full_box,0.0,0.01,,,,false,false,false,0,tent_semseg_pfn_R_50_ACDC.yaml,4,,32.2265,,,,,/media/ilias/DATA/ilias/amrod_output/logs
amrod_newsrc_acdcLT_s0,ACDC-LT-x10,AMROD,panoptic_fpn_R50_cityscapes_segw1,0.001,0.9998,0.01,false,full_box,0.0,0.01,false,false,0.0,false,false,false,0,amrod_newsrc_acdc.yaml,40,38.744,,35.57755,40.387275,,,/media/ilias/DATA/ilias/amrod_output/logs
amrod_pfnsrc_acdcLT_s0,ACDC-LT-x10,AMROD,panoptic_fpn_R50_cityscapes,0.001,0.9998,0.01,false,full_box,0.0,0.01,false,false,0.0,false,false,false,0,amrod_pfn_R_50_ACDC.yaml,40,39.002215,,35.950025000000004,40.204350000000005,,,/media/ilias/DATA/ilias/amrod_output/logs
batch_acdc_s6,ACDC-LT-x10,CTCMT_MTL,panoptic_fpn_R50_cityscapes,0.001,0.9998,0.01,true,soft_seg_global,0.3,0.5,true,true,0.1,false,true,false,0,ctcmt_e24_seghead_only_acdc.yaml,80,43.424045,38.245523750000004,40.170925,45.443025,34.899575,37.305975000000004,/media/ilias/DATA/ilias/amrod_output/logs
batch_newsrc_acdc_ablation,ACDC-LT-x10,CTCMT_MTL,panoptic_fpn_R50_cityscapes_segw1,0.001,0.9998,0.01,true,soft_seg_global,0.0,0.0,true,true,0.1,false,true,false,0,newsrc_acdc_base.yaml,200,43.2397315,41.7081045,36.91245,42.786024999999995,37.0681,41.415075,/media/ilias/DATA/ilias/amrod_output/logs
cotta_newsrc_acdcLT_s0,ACDC-LT-x10,CoTTA_SemSeg,panoptic_fpn_R50_cityscapes_segw1,0.0001,0.99,0.01,false,full_box,0.0,0.01,false,false,0.0,false,false,false,0,cotta_newsrc_acdc.yaml,40,,20.6001,,,34.37595,9.5553,/media/ilias/DATA/ilias/amrod_output/logs
cotta_pfnsrc_acdcLT_s0,ACDC-LT-x10,CoTTA_SemSeg,panoptic_fpn_R50_cityscapes,0.0001,0.99,0.01,false,full_box,0.0,0.01,false,false,0.0,false,false,false,0,cotta_semseg_pfn_R_50_ACDC.yaml,40,,20.17442,,,30.8829,13.98385,/media/ilias/DATA/ilias/amrod_output/logs
e11_bothsc_ctcrD_acdcLT_s0,ACDC-LT-x10,CTCMT_MTL,panoptic_fpn_R50_cityscapes,0.001,0.9998,0.01,true,soft_seg_global,0.3,0.5,true,true,0.1,false,true,false,0,ctcmt_e11_bothsc_ctcrD.yaml,40,43.984472499999995,39.8000325,38.39405,44.84375,35.7074,39.468975,/media/ilias/DATA/ilias/amrod_output/logs
e11_bothsc_ctcrD_acdcLT_s123,ACDC-LT-x10,CTCMT_MTL,panoptic_fpn_R50_cityscapes,0.001,0.9998,0.01,true,soft_seg_global,0.3,0.5,true,true,0.1,false,true,false,123,ctcmt_e11_bothsc_ctcrD.yaml,40,43.5572175,39.953945,37.9004,44.79265,35.832825,39.8097,/media/ilias/DATA/ilias/amrod_output/logs
e11_bothsc_ctcrD_acdcLT_s42,ACDC-LT-x10,CTCMT_MTL,panoptic_fpn_R50_cityscapes,0.001,0.9998,0.01,true,soft_seg_global,0.3,0.5,true,true,0.1,false,true,false,42,ctcmt_e11_bothsc_ctcrD.yaml,40,43.8840275,40.325824999999995,38.263374999999996,44.583575,36.1986,39.716975,/media/ilias/DATA/ilias/amrod_output/logs
e24_seghead_only_acdc_acdcLT_s0,ACDC-LT-x10,CTCMT_MTL,panoptic_fpn_R50_cityscapes,0.001,0.9998,0.01,true,soft_seg_global,0.3,0.5,true,true,0.1,false,true,false,0,ctcmt_e24_seghead_only_acdc.yaml,40,43.4641775,37.640547500000004,37.05365,45.443025,33.917825,37.305975000000004,/media/ilias/DATA/ilias/amrod_output/logs
e25_detonly_acdc_acdcLT_s0,ACDC-LT-x10,CTCMT_MTL,panoptic_fpn_R50_cityscapes,0.001,0.9998,0.01,true,soft_seg_global,0.3,0.5,true,true,0.1,false,true,false,0,ctcmt_e25_detonly_acdc.yaml,40,43.3839125,38.8505,37.077475,45.671525,33.9593,40.015699999999995,/media/ilias/DATA/ilias/amrod_output/logs
e27_s6_entropy_acdc_acdcLT_s0,ACDC-LT-x10,CTCMT_MTL,panoptic_fpn_R50_cityscapes,0.001,0.9998,0.01,true,soft_seg_global,0.3,0.5,true,true,0.1,false,true,false,0,ctcmt_e27_s6_entropy_acdc.yaml,40,43.9696,36.457747499999996,37.13835,45.6512,32.99835,35.75455,/media/ilias/DATA/ilias/amrod_output/logs
e27_s6_entropy_acdc_acdcLT_s123,ACDC-LT-x10,CTCMT_MTL,panoptic_fpn_R50_cityscapes,0.001,0.9998,0.01,true,soft_seg_global,0.3,0.5,true,true,0.1,false,true,false,123,ctcmt_e27_s6_entropy_acdc.yaml,40,44.2154725,36.736810000000006,37.2782,45.8585,33.260575,37.119575,/media/ilias/DATA/ilias/amrod_output/logs
e27_s6_entropy_acdc_acdcLT_s42,ACDC-LT-x10,CTCMT_MTL,panoptic_fpn_R50_cityscapes,0.001,0.9998,0.01,true,soft_seg_global,0.3,0.5,true,true,0.1,false,true,false,42,ctcmt_e27_s6_entropy_acdc.yaml,40,44.3537125,36.337145,38.00115,46.289249999999996,33.6708,36.267075,/media/ilias/DATA/ilias/amrod_output/logs
e29_segonly_acdc_acdcLT_s0,ACDC-LT-x10,CTCMT_MTL,panoptic_fpn_R50_cityscapes,0.001,0.9998,0.01,true,soft_seg_global,0.3,0.5,true,true,0.1,false,true,false,0,ctcmt_e29_segonly_acdc.yaml,40,37.88012,36.381085,35.14495,38.920525,33.636975,37.48475,/media/ilias/DATA/ilias/amrod_output/logs
e29_segonly_acdc_acdcLT_s0.segonly-noDet,ACDC-LT-x10,CTCMT_MTL,panoptic_fpn_R50_cityscapes,0.001,0.9998,0.01,true,soft_seg_global,0.3,0.5,true,true,0.1,false,true,false,0,ctcmt_e29_segonly_acdc.yaml,40,,36.437925,,,33.677675,37.552625,/media/ilias/DATA/ilias/amrod_output/logs
e32_fisher_full_acdcLT_s0,ACDC-LT-x10,CTCMT_MTL,panoptic_fpn_R50_cityscapes,0.001,0.9998,0.01,true,soft_seg_global,0.3,0.5,true,true,0.1,true,true,false,0,ctcmt_e32_fisher_full_acdc.yaml,40,44.10557,40.21349,39.094875,43.8305,36.350674999999995,40.114599999999996,/media/ilias/DATA/ilias/amrod_output/logs
e33_fisher_s6_acdcLT_s0,ACDC-LT-x10,CTCMT_MTL,panoptic_fpn_R50_cityscapes,0.001,0.9998,0.01,true,soft_seg_global,0.3,0.5,true,true,0.1,true,true,false,0,ctcmt_e33_fisher_s6_acdc.yaml,40,43.414722499999996,37.923935,37.798125,43.850775,34.447825,37.8467,/media/ilias/DATA/ilias/amrod_output/logs
e38_fpn_routing_acdcLT_s0,ACDC-LT-x10,CTCMT_MTL,panoptic_fpn_R50_cityscapes,0.001,0.9998,0.01,true,soft_seg_global,0.3,0.5,true,true,0.1,false,true,false,0,ctcmt_e38_fpn_routing_acdc.yaml,40,43.886992500000005,39.900782500000005,38.550399999999996,44.5987,35.7342,39.62315,/media/ilias/DATA/ilias/amrod_output/logs
launch_amrod_newsrc_acdc,ACDC-LT-x10,AMROD,panoptic_fpn_R50_cityscapes_segw1,0.001,0.9998,0.01,false,full_box,0.0,0.01,false,false,0.0,false,false,false,0,amrod_newsrc_acdc.yaml,40,38.744,,35.57755,40.387275,,,/media/ilias/DATA/ilias/amrod_output/logs
launch_newsrc_ctcr_rblock_acdcLT_s0,ACDC-LT-x10,CTCMT_MTL,panoptic_fpn_R50_cityscapes_segw1,0.001,0.9998,0.01,true,soft_seg_global,0.3,0.0,true,true,0.1,false,true,false,0,newsrc_acdc_ctcr_rblock.yaml,40,43.270912499999994,40.1040225,37.4963,45.3859,37.025925,40.502975,/media/ilias/DATA/ilias/amrod_output/logs
launch_partial_acdc,ACDC-LT-x10,CTCMT_MTL,panoptic_fpn_R50_cityscapes_segw1,0.001,0.9998,0.01,true,soft_seg_global,0.3,0.0,true,true,0.1,false,true,false,0,newsrc_acdc_ctcr_r25.yaml,80,43.2270175,40.72543875,37.323,45.210225,36.839075,41.85825,/media/ilias/DATA/ilias/amrod_output/logs
newsrc_base_acdcLT_s0,ACDC-LT-x10,CTCMT_MTL,panoptic_fpn_R50_cityscapes_segw1,0.001,0.9998,0.01,true,soft_seg_global,0.0,0.0,true,true,0.1,false,true,false,0,newsrc_acdc_base.yaml,40,42.394905,41.2956,36.91245,44.6442,37.0681,43.299949999999995,/media/ilias/DATA/ilias/amrod_output/logs
newsrc_ctcl_acdcLT_s0,ACDC-LT-x10,CTCMT_MTL,panoptic_fpn_R50_cityscapes_segw1,0.001,0.9998,0.01,true,soft_seg_global,0.0,0.5,true,true,0.1,false,true,false,0,newsrc_acdc_ctcl.yaml,40,42.9198775,41.9493775,37.49345,44.547625,37.471425,43.551975,/media/ilias/DATA/ilias/amrod_output/logs
newsrc_ctcl_ctcr_acdcLT_s0,ACDC-LT-x10,CTCMT_MTL,panoptic_fpn_R50_cityscapes_segw1,0.001,0.9998,0.01,true,soft_seg_global,0.3,0.5,true,true,0.1,false,true,false,0,newsrc_acdc_ctcl_ctcr.yaml,40,43.8175825,41.8959575,38.707525,44.8585,38.12455,42.058725,/media/ilias/DATA/ilias/amrod_output/logs
newsrc_ctcl_ctcr_ctpv_acdcLT_s0,ACDC-LT-x10,CTCMT_MTL,panoptic_fpn_R50_cityscapes_segw1,0.001,0.9998,0.01,true,soft_seg_global,0.3,0.5,true,true,0.1,false,true,true,0,newsrc_acdc_ctcl_ctcr_ctpv.yaml,40,43.1855575,41.5826175,38.428975,42.786024999999995,37.94795,41.415075,/media/ilias/DATA/ilias/amrod_output/logs
newsrc_ctcr_acdcLT_s0,ACDC-LT-x10,CTCMT_MTL,panoptic_fpn_R50_cityscapes_segw1,0.001,0.9998,0.01,true,soft_seg_global,0.3,0.0,true,true,0.1,false,true,false,0,newsrc_acdc_ctcr.yaml,40,43.880735,41.81697,38.095275,45.423874999999995,37.833325,42.235675,/media/ilias/DATA/ilias/amrod_output/logs
newsrc_ctcr_r25_acdcLT_s0,ACDC-LT-x10,CTCMT_MTL,panoptic_fpn_R50_cityscapes_segw1,0.001,0.9998,0.01,true,soft_seg_global,0.3,0.0,true,true,0.1,false,true,false,0,newsrc_acdc_ctcr_r25.yaml,40,43.1924075,40.7366425,37.323,45.429575,36.839075,41.866075,/media/ilias/DATA/ilias/amrod_output/logs
newsrc_ctcr_r50_acdcLT_s0,ACDC-LT-x10,CTCMT_MTL,panoptic_fpn_R50_cityscapes_segw1,0.001,0.9998,0.01,true,soft_seg_global,0.3,0.0,true,true,0.1,false,true,false,0,newsrc_acdc_ctcr_r50.yaml,40,43.261627499999996,40.714235,37.601475,45.210225,36.704075,41.85825,/media/ilias/DATA/ilias/amrod_output/logs
newsrc_ctcr_rblock_acdcLT_s0,ACDC-LT-x10,CTCMT_MTL,panoptic_fpn_R50_cityscapes_segw1,0.001,0.9998,0.01,true,soft_seg_global,0.3,0.0,true,true,0.1,false,true,false,0,newsrc_acdc_ctcr_rblock.yaml,40,43.270912499999994,40.1040225,37.4963,45.3859,37.025925,40.502975,/media/ilias/DATA/ilias/amrod_output/logs
newsrc_taskcoco_acdcLT10_s0,ACDC-LT-x10,CTCMT_MTL,panoptic_fpn_R50_cityscapes_segw1,0.001,0.9998,0.01,true,soft_seg_global,0.3,0.0,true,true,0.1,false,true,false,0,newsrc_acdc_taskcoco.yaml,40,43.5144725,41.393942499999994,38.0387,45.444224999999996,37.227425,42.016025,/media/ilias/DATA/ilias/amrod_output/logs
tent_newsrc_acdcLT_s0,ACDC-LT-x10,TENT_SemSeg,panoptic_fpn_R50_cityscapes_segw1,0.0001,0.99,0.01,false,full_box,0.0,0.01,false,false,0.0,false,false,false,0,tent_newsrc_acdc.yaml,40,,35.469454999999996,,,35.2887,35.399125,/media/ilias/DATA/ilias/amrod_output/logs
tent_pfnsrc_acdcLT_s0,ACDC-LT-x10,TENT_SemSeg,panoptic_fpn_R50_cityscapes,0.0001,0.99,0.01,false,full_box,0.0,0.01,false,false,0.0,false,false,false,0,tent_semseg_pfn_R_50_ACDC.yaml,40,,32.017405000000004,,,32.2265,31.59055,/media/ilias/DATA/ilias/amrod_output/logs
amrod_newsrc_csc12_s0,CSC-12corr,AMROD,panoptic_fpn_R50_cityscapes_segw1,0.001,0.9998,0.01,false,full_box,0.0,0.01,false,false,0.0,false,false,false,0,amrod_newsrc_csc.yaml,12,15.787941666666667,,,,,,/media/ilias/DATA/ilias/amrod_output/logs
amrod_pfnsrc_csc12_s0,CSC-12corr,AMROD,panoptic_fpn_R50_cityscapes,0.001,0.9998,0.01,false,full_box,0.0,0.01,false,false,0.0,false,false,false,0,amrod_pfn_R_50_CS_C.yaml,12,15.076324999999999,,,,,,/media/ilias/DATA/ilias/amrod_output/logs
cotta_newsrc_csc12_s0,CSC-12corr,CoTTA_SemSeg,panoptic_fpn_R50_cityscapes_segw1,0.0001,0.99,0.01,false,full_box,0.0,0.01,false,false,0.0,false,false,false,0,cotta_newsrc_csc.yaml,12,,26.014583333333334,,,,,/media/ilias/DATA/ilias/amrod_output/logs
cotta_pfnsrc_csc12_s0,CSC-12corr,CoTTA_SemSeg,panoptic_fpn_R50_cityscapes,0.0001,0.99,0.01,false,full_box,0.0,0.01,false,false,0.0,false,false,false,0,cotta_semseg_pfn_R_50_CS_C.yaml,12,,24.140141666666665,,,,,/media/ilias/DATA/ilias/amrod_output/logs
e11_bothsc_ctcrD_csc12_s0,CSC-12corr,CTCMT_MTL,panoptic_fpn_R50_cityscapes,0.001,0.9998,0.01,true,soft_seg_global,0.3,0.5,true,true,0.1,false,true,false,0,ctcmt_e11_bothsc_ctcrD.yaml,12,17.01055,28.707666666666668,,,,,/media/ilias/DATA/ilias/amrod_output/logs
e11_bothsc_ctcrD_csc12_s123,CSC-12corr,CTCMT_MTL,panoptic_fpn_R50_cityscapes,0.001,0.9998,0.01,true,soft_seg_global,0.3,0.5,true,true,0.1,false,true,false,123,ctcmt_e11_bothsc_ctcrD.yaml,12,17.479041666666667,28.83796666666667,,,,,/media/ilias/DATA/ilias/amrod_output/logs
e11_bothsc_ctcrD_csc12_s42,CSC-12corr,CTCMT_MTL,panoptic_fpn_R50_cityscapes,0.001,0.9998,0.01,true,soft_seg_global,0.3,0.5,true,true,0.1,false,true,false,42,ctcmt_e11_bothsc_ctcrD.yaml,12,17.599,28.96875833333333,,,,,/media/ilias/DATA/ilias/amrod_output/logs
e24_seghead_only_csc12_s0,CSC-12corr,CTCMT_MTL,panoptic_fpn_R50_cityscapes,0.001,0.9998,0.01,true,soft_seg_global,0.3,0.5,true,true,0.1,false,true,false,0,ctcmt_e24_seghead_only_acdc.yaml,12,17.3706,29.011591666666664,,,,,/media/ilias/DATA/ilias/amrod_output/logs
e25_detonly_csc12_s0,CSC-12corr,CTCMT_MTL,panoptic_fpn_R50_cityscapes,0.001,0.9998,0.01,true,soft_seg_global,0.3,0.5,true,true,0.1,false,true,false,0,ctcmt_e25_detonly_acdc.yaml,12,17.398158333333335,29.2953,,,,,/media/ilias/DATA/ilias/amrod_output/logs
e27_s6_entropy_csc12_s0,CSC-12corr,CTCMT_MTL,panoptic_fpn_R50_cityscapes,0.001,0.9998,0.01,true,soft_seg_global,0.3,0.5,true,true,0.1,false,true,false,0,ctcmt_e27_s6_entropy_acdc.yaml,12,16.987849999999998,28.71259166666667,,,,,/media/ilias/DATA/ilias/amrod_output/logs
source_only_pfn_cs_c,CSC-12corr,PanopticFPN,panoptic_fpn_R50_cityscapes,0.005,0.99,0.01,false,full_box,0.0,0.01,,,,false,false,false,-1,source_only_pfn_cs_c.yaml,12,12.697091666666665,26.253141666666664,,,,,/media/ilias/DATA/ilias/amrod_output/logs
tent_newsrc_csc12_s0,CSC-12corr,TENT_SemSeg,panoptic_fpn_R50_cityscapes_segw1,0.0001,0.99,0.01,false,full_box,0.0,0.01,false,false,0.0,false,false,false,0,tent_newsrc_csc.yaml,12,,27.25690833333333,,,,,/media/ilias/DATA/ilias/amrod_output/logs
tent_pfnsrc_csc12_s0,CSC-12corr,TENT_SemSeg,panoptic_fpn_R50_cityscapes,0.0001,0.99,0.01,false,full_box,0.0,0.01,false,false,0.0,false,false,false,0,tent_semseg_pfn_R_50_CS_C.yaml,12,,25.768058333333332,,,,,/media/ilias/DATA/ilias/amrod_output/logs
batch_csc_baselines,CSC-12dom-136evals,AMROD,panoptic_fpn_R50_cityscapes,0.001,0.9998,0.01,false,full_box,0.0,0.01,false,false,0.0,false,false,false,0,amrod_pfn_R_50_CS_C.yaml,136,15.076324999999999,24.707454838709676,,,,,/media/ilias/DATA/ilias/amrod_output/logs
batch_shortterm_rerun,CSC-12dom-36evals,CTCMT_MTL,panoptic_fpn_R50_cityscapes,0.001,0.9998,0.01,true,soft_seg_global,0.3,0.5,true,true,0.1,false,true,false,0,ctcmt_e25_detonly_acdc.yaml,36,17.25220277777778,29.006494444444442,,,,,/media/ilias/DATA/ilias/amrod_output/logs
thrcheck_e11_bothsc_ctcrD,CSC-2dom-2evals,CTCMT_MTL,panoptic_fpn_R50_cityscapes,0.001,0.9998,0.01,true,soft_seg_global,0.3,0.5,true,true,0.1,false,true,false,0,ctcmt_e11_bothsc_ctcrD.yaml,2,25.2977,37.558350000000004,,,,,/media/ilias/DATA/ilias/amrod_output/logs
crashed_e20_dynweight_cscLT_s0,CSC-5dom-27evals,CTCMT_MTL,panoptic_fpn_R50_cityscapes,0.001,0.9998,0.01,true,soft_seg_global,0.3,0.5,true,true,0.1,false,true,false,0,ctcmt_e20_dynweight.yaml,27,23.536033333333332,32.34184444444444,,,,,/media/ilias/DATA/ilias/amrod_output/logs
crashed_e16_protectedgrad_cscLT_s0,CSC-5dom-32evals,CTCMT_MTL,panoptic_fpn_R50_cityscapes,0.001,0.9998,0.01,true,soft_seg_global,0.3,0.5,true,true,0.1,false,true,false,0,ctcmt_e16_protectedgrad.yaml,32,25.257209375,32.277175,,,,,/media/ilias/DATA/ilias/amrod_output/logs
crashed_e18_harddecouple_cscLT_s0,CSC-5dom-32evals,CTCMT_MTL,panoptic_fpn_R50_cityscapes,0.001,0.9998,0.01,true,soft_seg_global,0.3,0.5,true,true,0.1,false,true,false,0,ctcmt_e18_harddecouple.yaml,32,25.278253125,31.9998875,,,,,/media/ilias/DATA/ilias/amrod_output/logs
crashed_e17_cagrad_cscLT_s0,CSC-5dom-47evals,CTCMT_MTL,panoptic_fpn_R50_cityscapes,0.001,0.9998,0.01,true,soft_seg_global,0.3,0.5,true,true,0.1,false,true,false,0,ctcmt_e17_cagrad.yaml,47,25.776817021276592,31.40371489361702,,,,,/media/ilias/DATA/ilias/amrod_output/logs
source_only_mrcnn_cs_c,CSC-5dom-5evals,GeneralizedRCNN,mask_rcnn_R50_cityscapes,0.005,0.99,0.01,false,full_box,0.0,0.01,false,false,0.0,false,false,false,0,source_only_mrcnn_cs_c.yaml,5,16.339599999999997,,,,,,/media/ilias/DATA/ilias/amrod_output/logs
source_only_semfpn_cs_c,CSC-5dom-5evals,SemanticSegmentor,semantic_R50_cityscapes,0.005,0.99,0.01,false,full_box,0.0,0.01,false,false,0.0,false,false,false,0,source_only_semfpn_cs_c.yaml,5,,31.657999999999998,,,,,/media/ilias/DATA/ilias/amrod_output/logs
amrod_newsrc_cscLT_s0,CSC-LT-x10,AMROD,panoptic_fpn_R50_cityscapes_segw1,0.001,0.9998,0.01,false,full_box,0.0,0.01,false,false,0.0,false,false,false,0,amrod_newsrc_csc.yaml,50,26.148708000000003,,17.3615,30.684479999999997,,,/media/ilias/DATA/ilias/amrod_output/logs
amrod_pfnsrc_cscLT_cronus_s0,CSC-LT-x10,AMROD,panoptic_fpn_R50_cityscapes,0.001,0.9998,0.01,false,full_box,0.0,0.01,false,false,0.0,false,false,false,0,amrod_pfn_R_50_CS_C.yaml,50,26.402534,,16.41808,31.09894,,,/media/ilias/DATA/ilias/amrod_output/logs
batch_e13a_seeds,CSC-LT-x10,CTCMT_MTL,panoptic_fpn_R50_cityscapes,0.001,0.9998,0.01,true,soft_seg_global,0.3,0.5,true,true,0.1,false,true,false,123,ctcmt_e13a_thrmax080.yaml,100,25.211157,31.144273,20.060920000000003,22.52224,31.681900000000002,28.22132,/media/ilias/DATA/ilias/amrod_output/logs
batch_e22_e23,CSC-LT-x10,CTCMT_MTL,panoptic_fpn_R50_cityscapes,0.001,0.9998,0.01,true,soft_seg_global,0.0,0.5,true,true,0.1,false,true,false,0,ctcmt_e23_detseg_nocross.yaml,100,25.976729,33.350404,19.3204,29.575139999999998,30.870960000000004,35.43524,/media/ilias/DATA/ilias/amrod_output/logs
batch_screening_rerun,CSC-LT-x10,CTCMT_MTL,panoptic_fpn_R50_cityscapes,0.001,0.9998,0.01,true,soft_seg_global,0.3,0.5,true,true,0.1,false,true,false,0,ctcmt_e16_protectedgrad.yaml,200,24.9262315,30.937807499999998,20.44316,26.641020000000005,31.662,28.31906,/media/ilias/DATA/ilias/amrod_output/logs
batch_screening_s1_s5,CSC-LT-x10,CTCMT_MTL,panoptic_fpn_R50_cityscapes,0.001,0.9998,0.01,true,soft_seg_global,0.3,0.5,true,true,0.1,false,true,false,0,ctcmt_e16_protectedgrad.yaml,188,22.665611170212767,30.622884574468088,20.582060000000002,16.69258,31.74424,26.44368,/media/ilias/DATA/ilias/amrod_output/logs
batch_seeds_s6_e15,CSC-LT-x10,CTCMT_MTL,panoptic_fpn_R50_cityscapes,0.001,0.9998,0.01,true,soft_seg_global,0.3,0.5,true,true,0.1,false,true,false,123,ctcmt_e22_seghead_only.yaml,200,26.879764,35.1585325,19.243199999999998,29.35268,30.835079999999998,36.9995,/media/ilias/DATA/ilias/amrod_output/logs
cotta_newsrc_cscLT_s0,CSC-LT-x10,CoTTA_SemSeg,panoptic_fpn_R50_cityscapes_segw1,0.0001,0.99,0.01,false,full_box,0.0,0.01,false,false,0.0,false,false,false,0,cotta_newsrc_csc.yaml,50,,26.731066000000002,,,28.101319999999998,26.4638,/media/ilias/DATA/ilias/amrod_output/logs
cotta_pfnsrc_cscLT_s0,CSC-LT-x10,CoTTA_SemSeg,panoptic_fpn_R50_cityscapes,0.0001,0.99,0.01,false,full_box,0.0,0.01,false,false,0.0,false,false,false,0,cotta_semseg_pfn_R_50_CS_C.yaml,50,,23.766693999999998,,,26.016519999999996,23.174619999999997,/media/ilias/DATA/ilias/amrod_output/logs
e10_bothsc_cscLT_s0,CSC-LT-x10,CTCMT_MTL,panoptic_fpn_R50_cityscapes,0.001,0.9998,0.01,true,full_box,0.3,0.5,true,true,0.1,false,true,false,0,ctcmt_e10_both_scaled.yaml,50,23.993426,30.998844,17.34208,24.834899999999998,30.829240000000006,28.18824,/media/ilias/DATA/ilias/amrod_output/logs
e10_bothsc_cscLT_s42,CSC-LT-x10,CTCMT_MTL,panoptic_fpn_R50_cityscapes,0.001,0.9998,0.01,true,full_box,0.3,0.5,true,true,0.1,false,true,false,42,ctcmt_e10_both_scaled.yaml,50,23.313854000000003,30.990512,17.970419999999997,23.943779999999997,31.11284,28.198559999999997,/media/ilias/DATA/ilias/amrod_output/logs
e11_bothscD_cscLT_s0,CSC-LT-x10,CTCMT_MTL,panoptic_fpn_R50_cityscapes,0.001,0.9998,0.01,true,soft_seg_global,0.3,0.5,true,true,0.1,false,true,false,0,ctcmt_e11_bothsc_ctcrD.yaml,50,24.57979,31.099156000000004,18.395400000000002,25.5226,30.872880000000002,28.480559999999997,/media/ilias/DATA/ilias/amrod_output/logs
e11_bothsc_ctcrD_cscLT_s123,CSC-LT-x10,CTCMT_MTL,panoptic_fpn_R50_cityscapes,0.001,0.9998,0.01,true,soft_seg_global,0.3,0.5,true,true,0.1,false,true,false,123,ctcmt_e11_bothsc_ctcrD.yaml,50,24.166732000000003,31.38598,17.87562,24.46602,30.619639999999997,28.8196,/media/ilias/DATA/ilias/amrod_output/logs
e11_bothsc_ctcrD_cscLT_s42,CSC-LT-x10,CTCMT_MTL,panoptic_fpn_R50_cityscapes,0.001,0.9998,0.01,true,soft_seg_global,0.3,0.5,true,true,0.1,false,true,false,42,ctcmt_e11_bothsc_ctcrD.yaml,50,23.216566000000004,30.627804,18.19886,23.37746,30.768099999999997,27.930059999999997,/media/ilias/DATA/ilias/amrod_output/logs
e12_fisherdiag_cscLT_s0,CSC-LT-x10,CTCMT_MTL,panoptic_fpn_R50_cityscapes,0.001,0.9998,0.01,true,full_box,0.3,0.5,true,true,0.1,true,true,false,0,ctcmt_e12_bothsc_fisherdiag.yaml,50,23.996462,32.743722,19.22092,23.641740000000002,31.739440000000002,31.810719999999996,/media/ilias/DATA/ilias/amrod_output/logs
e13a_thrmax080_cscLT_s0,CSC-LT-x10,CTCMT_MTL,panoptic_fpn_R50_cityscapes,0.001,0.9998,0.01,true,soft_seg_global,0.3,0.5,true,true,0.1,false,true,false,0,ctcmt_e13a_thrmax080.yaml,50,24.796100000000003,30.830818,18.279059999999998,25.86984,30.58446,28.084500000000002,/media/ilias/DATA/ilias/amrod_output/logs
e13a_thrmax080_cscLT_s123,CSC-LT-x10,CTCMT_MTL,panoptic_fpn_R50_cityscapes,0.001,0.9998,0.01,true,soft_seg_global,0.3,0.5,true,true,0.1,false,true,false,123,ctcmt_e13a_thrmax080.yaml,50,24.846970000000002,31.348634,17.9885,26.28122,30.71842,28.539980000000003,/media/ilias/DATA/ilias/amrod_output/logs
e13a_thrmax080_cscLT_s42,CSC-LT-x10,CTCMT_MTL,panoptic_fpn_R50_cityscapes,0.001,0.9998,0.01,true,soft_seg_global,0.3,0.5,true,true,0.1,false,true,false,42,ctcmt_e13a_thrmax080.yaml,50,25.575344,30.939912,18.66012,26.70564,30.7152,28.37312,/media/ilias/DATA/ilias/amrod_output/logs
e13b_alpha11_cscLT_s0,CSC-LT-x10,CTCMT_MTL,panoptic_fpn_R50_cityscapes,0.001,0.9998,0.01,true,soft_seg_global,0.3,0.5,true,true,0.1,false,true,false,0,ctcmt_e13b_alpha11.yaml,50,23.437019999999997,30.147028,17.44904,24.06382,30.331419999999998,27.38584,/media/ilias/DATA/ilias/amrod_output/logs
e14_detonly_cscLT_s0,CSC-LT-x10,CTCMT_MTL,panoptic_fpn_R50_cityscapes,0.001,0.9998,0.01,true,soft_seg_global,0.3,0.5,true,true,0.1,false,true,false,0,ctcmt_e14_detonly.yaml,50,26.259458,36.129402,16.9254,28.81064,30.211660000000002,37.67066,/media/ilias/DATA/ilias/amrod_output/logs
e15_detonly_thr080_cscLT_s0,CSC-LT-x10,CTCMT_MTL,panoptic_fpn_R50_cityscapes,0.001,0.9998,0.01,true,soft_seg_global,0.3,0.5,true,true,0.1,false,true,false,0,ctcmt_e15_detonly_thr080.yaml,50,26.800776,35.514558,17.0893,29.50226,30.20998,36.33102,/media/ilias/DATA/ilias/amrod_output/logs
e15_detonly_thr080_cscLT_s123,CSC-LT-x10,CTCMT_MTL,panoptic_fpn_R50_cityscapes,0.001,0.9998,0.01,true,soft_seg_global,0.3,0.5,true,true,0.1,false,true,false,123,ctcmt_e15_detonly_thr080.yaml,50,27.155034,35.829852,16.98998,29.56172,30.21818,36.77626,/media/ilias/DATA/ilias/amrod_output/logs
e15_detonly_thr080_cscLT_s42,CSC-LT-x10,CTCMT_MTL,panoptic_fpn_R50_cityscapes,0.001,0.9998,0.01,true,soft_seg_global,0.3,0.5,true,true,0.1,false,true,false,42,ctcmt_e15_detonly_thr080.yaml,50,26.825012,35.747144,16.96988,29.35268,29.99074,36.9995,/media/ilias/DATA/ilias/amrod_output/logs
e16_protectedgrad_cscLT_s0,CSC-LT-x10,CTCMT_MTL,panoptic_fpn_R50_cityscapes,0.001,0.9998,0.01,true,soft_seg_global,0.3,0.5,true,true,0.1,false,true,false,0,ctcmt_e16_protectedgrad.yaml,50,25.212159999999997,30.884632,18.323900000000002,26.588540000000002,30.648680000000002,28.2267,/media/ilias/DATA/ilias/amrod_output/logs
e17_cagrad_cscLT_s0,CSC-LT-x10,CTCMT_MTL,panoptic_fpn_R50_cityscapes,0.001,0.9998,0.01,true,soft_seg_global,0.3,0.5,true,true,0.1,false,true,false,0,ctcmt_e17_cagrad.yaml,50,25.675338,31.286004,18.99444,27.203179999999996,31.241120000000002,28.715020000000003,/media/ilias/DATA/ilias/amrod_output/logs
e18_harddecouple_cscLT_s0,CSC-LT-x10,CTCMT_MTL,panoptic_fpn_R50_cityscapes,0.001,0.9998,0.01,true,soft_seg_global,0.3,0.5,true,true,0.1,false,true,false,0,ctcmt_e18_harddecouple.yaml,50,25.00204,30.982,18.47244,26.641020000000005,30.98956,28.31906,/media/ilias/DATA/ilias/amrod_output/logs
e19_frozentrunk_cscLT_s0,CSC-LT-x10,CTCMT_MTL,panoptic_fpn_R50_cityscapes,0.001,0.9998,0.01,true,soft_seg_global,0.3,0.5,true,true,0.1,false,true,false,0,ctcmt_e19_frozentrunk.yaml,50,15.940336,27.020637999999998,13.75076,16.69258,27.30822,26.44368,/media/ilias/DATA/ilias/amrod_output/logs
e20_dynweight_cscLT_s0,CSC-LT-x10,CTCMT_MTL,panoptic_fpn_R50_cityscapes,0.001,0.9998,0.01,true,soft_seg_global,0.3,0.5,true,true,0.1,false,true,false,0,ctcmt_e20_dynweight.yaml,50,23.815388,30.598594,17.1374,24.9758,30.09316,27.93712,/media/ilias/DATA/ilias/amrod_output/logs
e21_segonly_thr080_cscLT_s0,CSC-LT-x10,CTCMT_MTL,panoptic_fpn_R50_cityscapes,0.001,0.9998,0.01,true,soft_seg_global,0.3,0.5,true,true,0.1,false,true,false,0,ctcmt_e21_segonly_thr080.yaml,50,15.096438000000001,28.206432,14.087700000000002,14.67756,28.325940000000003,26.714779999999998,/media/ilias/DATA/ilias/amrod_output/logs
e22_seghead_only_cscLT_s0,CSC-LT-x10,CTCMT_MTL,panoptic_fpn_R50_cityscapes,0.001,0.9998,0.01,true,soft_seg_global,0.3,0.5,true,true,0.1,false,true,false,0,ctcmt_e22_seghead_only.yaml,50,26.743015999999997,34.746534000000004,16.84872,29.575139999999998,29.92398,35.43524,/media/ilias/DATA/ilias/amrod_output/logs
e22_seghead_only_cscLT_s123,CSC-LT-x10,CTCMT_MTL,panoptic_fpn_R50_cityscapes,0.001,0.9998,0.01,true,soft_seg_global,0.3,0.5,true,true,0.1,false,true,false,123,ctcmt_e22_seghead_only.yaml,50,26.905656,34.500002,16.82194,29.676800000000004,29.81388,35.156940000000006,/media/ilias/DATA/ilias/amrod_output/logs
e22_seghead_only_cscLT_s42,CSC-LT-x10,CTCMT_MTL,panoptic_fpn_R50_cityscapes,0.001,0.9998,0.01,true,soft_seg_global,0.3,0.5,true,true,0.1,false,true,false,42,ctcmt_e22_seghead_only.yaml,50,26.633354,34.557132,17.02696,29.114800000000002,29.921659999999996,35.05176,/media/ilias/DATA/ilias/amrod_output/logs
e23_detseg_nocross_cscLT_s0,CSC-LT-x10,CTCMT_MTL,panoptic_fpn_R50_cityscapes,0.001,0.9998,0.01,true,soft_seg_global,0.0,0.5,true,true,0.1,false,true,false,0,ctcmt_e23_detseg_nocross.yaml,50,25.210441999999997,31.954274,16.56696,28.489639999999998,29.39402,31.410899999999998,/media/ilias/DATA/ilias/amrod_output/logs
e30_fisher_full_cscLT_s0,CSC-LT-x10,CTCMT_MTL,panoptic_fpn_R50_cityscapes,0.001,0.9998,0.01,true,soft_seg_global,0.3,0.5,true,true,0.1,true,true,false,0,ctcmt_e30_fisher_full_csc.yaml,50,25.302006000000002,32.287031999999996,19.33974,25.442500000000003,31.166059999999998,31.418619999999997,/media/ilias/DATA/ilias/amrod_output/logs
e31_fisher_s6_cscLT_s0,CSC-LT-x10,CTCMT_MTL,panoptic_fpn_R50_cityscapes,0.001,0.9998,0.01,true,soft_seg_global,0.3,0.5,true,true,0.1,true,true,false,0,ctcmt_e31_fisher_s6_csc.yaml,50,27.485326,35.05169,17.66382,29.081760000000003,30.38246,34.777280000000005,/media/ilias/DATA/ilias/amrod_output/logs
e34_ctcr_scoreorder_cscLT_s0,CSC-LT-x10,CTCMT_MTL,panoptic_fpn_R50_cityscapes,0.001,0.9998,0.01,true,soft_seg_global,0.3,0.5,true,true,0.1,false,true,false,0,ctcmt_e34_ctcr_scoreorder.yaml,50,24.41877,30.659986,18.0502,25.13818,30.7404,27.572179999999996,/media/ilias/DATA/ilias/amrod_output/logs
e35_ctcr_detscore_cscLT_s0,CSC-LT-x10,CTCMT_MTL,panoptic_fpn_R50_cityscapes,0.001,0.9998,0.01,true,soft_seg_global,0.3,0.5,true,true,0.1,false,true,false,0,ctcmt_e35_ctcr_detscore.yaml,50,24.397793999999998,30.522779999999997,18.07482,25.643220000000003,30.642860000000002,27.995960000000004,/media/ilias/DATA/ilias/amrod_output/logs
e36_ctcr_detscore_g3_cscLT_s0,CSC-LT-x10,CTCMT_MTL,panoptic_fpn_R50_cityscapes,0.001,0.9998,0.01,true,soft_seg_global,0.3,0.5,true,true,0.1,false,true,false,0,ctcmt_e36_ctcr_detscore_g3.yaml,50,24.144371999999997,30.431408,18.24164,25.380959999999998,30.670660000000005,28.059739999999998,/media/ilias/DATA/ilias/amrod_output/logs
e37_seg_detveto_cscLT_s0,CSC-LT-x10,CTCMT_MTL,panoptic_fpn_R50_cityscapes,0.001,0.9998,0.01,true,soft_seg_global,0.3,0.5,true,true,0.1,false,true,false,0,ctcmt_e37_seg_detveto.yaml,50,24.354083999999997,30.880614,18.05128,25.68636,30.705019999999998,28.42138,/media/ilias/DATA/ilias/amrod_output/logs
e38_fpn_routing_cscLT_s0,CSC-LT-x10,CTCMT_MTL,panoptic_fpn_R50_cityscapes,0.001,0.9998,0.01,true,soft_seg_global,0.3,0.5,true,true,0.1,false,true,false,0,ctcmt_e38_fpn_routing.yaml,50,23.569544,30.706072,18.17372,24.2815,30.561700000000002,27.7206,/media/ilias/DATA/ilias/amrod_output/logs
e9_strongaug_cscLT_s0,CSC-LT-x10,CTCMT_MTL,panoptic_fpn_R50_cityscapes,0.001,0.9998,0.01,true,full_box,0.3,0.5,false,false,0.0,false,true,false,0,ctcmt_e9_strongaug.yaml,50,23.82979,28.714160000000003,18.19,24.33498,30.70222,25.12148,/media/ilias/DATA/ilias/amrod_output/logs
launch_amrod_newsrc_csc,CSC-LT-x10,AMROD,panoptic_fpn_R50_cityscapes_segw1,0.001,0.9998,0.01,false,full_box,0.0,0.01,false,false,0.0,false,false,false,0,amrod_newsrc_csc.yaml,50,26.148708000000003,,17.3615,30.684479999999997,,,/media/ilias/DATA/ilias/amrod_output/logs
launch_newsrc_ctcr_rblock_cscLT_s0,CSC-LT-x10,CTCMT_MTL,panoptic_fpn_R50_cityscapes_segw1,0.001,0.9998,0.01,true,soft_seg_global,0.3,0.0,true,true,0.1,false,true,false,0,newsrc_csc_ctcr_rblock.yaml,50,27.858476,34.290116000000005,19.2241,30.943279999999998,31.52988,33.72634,/media/ilias/DATA/ilias/amrod_output/logs
launch_partial_csc,CSC-LT-x10,CTCMT_MTL,panoptic_fpn_R50_cityscapes_segw1,0.001,0.9998,0.01,true,soft_seg_global,0.3,0.0,true,true,0.1,false,true,false,0,newsrc_csc_ctcr_r25.yaml,100,26.836817,33.818247,18.58146,29.47272,31.3741,32.42566,/media/ilias/DATA/ilias/amrod_output/logs
newsrc_base_cscLT_s0,CSC-LT-x10,CTCMT_MTL,panoptic_fpn_R50_cityscapes_segw1,0.001,0.9998,0.01,true,soft_seg_global,0.0,0.0,true,true,0.1,false,true,false,0,newsrc_csc_base.yaml,50,25.351765999999998,33.667464,18.04826,28.81972,31.140140000000002,33.332139999999995,/media/ilias/DATA/ilias/amrod_output/logs
newsrc_ctcl_cscLT_s0,CSC-LT-x10,CTCMT_MTL,panoptic_fpn_R50_cityscapes_segw1,0.001,0.9998,0.01,true,soft_seg_global,0.0,0.5,true,true,0.1,false,true,false,0,newsrc_csc_ctcl.yaml,50,24.854618000000002,33.633503999999995,18.01124,26.809839999999998,31.47156,32.75002,/media/ilias/DATA/ilias/amrod_output/logs
newsrc_ctcl_ctcr_cscLT_s0,CSC-LT-x10,CTCMT_MTL,panoptic_fpn_R50_cityscapes_segw1,0.001,0.9998,0.01,true,soft_seg_global,0.3,0.5,true,true,0.1,false,true,false,0,newsrc_csc_ctcl_ctcr.yaml,50,24.007348,32.173044,18.774099999999997,24.21132,31.872339999999998,29.87586,/media/ilias/DATA/ilias/amrod_output/logs
newsrc_ctcl_ctcr_ctpv_cscLT_s0,CSC-LT-x10,CTCMT_MTL,panoptic_fpn_R50_cityscapes_segw1,0.001,0.9998,0.01,true,soft_seg_global,0.3,0.5,true,true,0.1,false,true,true,0,newsrc_csc_ctcl_ctcr_ctpv.yaml,50,23.425984,32.02424,18.36994,23.219659999999998,31.881420000000002,29.62464,/media/ilias/DATA/ilias/amrod_output/logs
newsrc_ctcr_cscLT_s0,CSC-LT-x10,CTCMT_MTL,panoptic_fpn_R50_cityscapes_segw1,0.001,0.9998,0.01,true,soft_seg_global,0.3,0.0,true,true,0.1,false,true,false,0,newsrc_csc_ctcr.yaml,50,27.079444,33.104524,19.0161,29.35426,31.997120000000002,31.26842,/media/ilias/DATA/ilias/amrod_output/logs
newsrc_ctcr_r25_cscLT_s0,CSC-LT-x10,CTCMT_MTL,panoptic_fpn_R50_cityscapes_segw1,0.001,0.9998,0.01,true,soft_seg_global,0.3,0.0,true,true,0.1,false,true,false,0,newsrc_csc_ctcr_r25.yaml,50,27.218048,34.073046,18.58146,30.61046,31.3741,33.1713,/media/ilias/DATA/ilias/amrod_output/logs
newsrc_ctcr_r50_cscLT_s0,CSC-LT-x10,CTCMT_MTL,panoptic_fpn_R50_cityscapes_segw1,0.001,0.9998,0.01,true,soft_seg_global,0.3,0.0,true,true,0.1,false,true,false,0,newsrc_csc_ctcr_r50.yaml,50,26.455585999999997,33.563448,18.16062,29.47272,31.25856,32.42566,/media/ilias/DATA/ilias/amrod_output/logs
newsrc_ctcr_rblock_cscLT_s0,CSC-LT-x10,CTCMT_MTL,panoptic_fpn_R50_cityscapes_segw1,0.001,0.9998,0.01,true,soft_seg_global,0.3,0.0,true,true,0.1,false,true,false,0,newsrc_csc_ctcr_rblock.yaml,50,27.858476,34.290116000000005,19.2241,30.943279999999998,31.52988,33.72634,/media/ilias/DATA/ilias/amrod_output/logs
newsrc_taskcoco_cscLT_s0,CSC-LT-x10,CTCMT_MTL,panoptic_fpn_R50_cityscapes_segw1,0.001,0.9998,0.01,true,soft_seg_global,0.3,0.0,true,true,0.1,false,true,false,0,newsrc_csc_taskcoco.yaml,50,26.004478,32.487448,18.06264,29.23932,31.2983,31.145999999999997,/media/ilias/DATA/ilias/amrod_output/logs
std_mrcnn_cscLT_s0,CSC-LT-x10,CTCMT_MTL,mask_rcnn_R50_cityscapes,0.001,0.9998,0.01,true,soft_seg_global,0.3,0.5,true,true,0.1,false,true,false,0,ctcmt_std_mrcnn_cscLT.yaml,50,27.237084,,20.051520000000004,29.159100000000002,,,/media/ilias/DATA/ilias/amrod_output/logs
sts_semfpn_cscLT_s0_rerun,CSC-LT-x10,CTCMT_MTL,semantic_R50_cityscapes,0.001,0.9998,0.01,true,soft_seg_global,0.3,0.5,true,true,0.1,false,true,false,0,ctcmt_sts_semfpn_cscLT.yaml,50,,34.392676,,,33.17038,33.58704,/media/ilias/DATA/ilias/amrod_output/logs
tent_newsrc_cscLT_s0,CSC-LT-x10,TENT_SemSeg,panoptic_fpn_R50_cityscapes_segw1,0.0001,0.99,0.01,false,full_box,0.0,0.01,false,false,0.0,false,false,false,0,tent_newsrc_csc.yaml,50,,27.781344,,,28.92368,26.524079999999998,/media/ilias/DATA/ilias/amrod_output/logs
tent_pfnsrc_cscLT_s0,CSC-LT-x10,TENT_SemSeg,panoptic_fpn_R50_cityscapes,0.0001,0.99,0.01,false,full_box,0.0,0.01,false,false,0.0,false,false,false,0,tent_semseg_pfn_R_50_CS_C.yaml,50,,25.529826,,,27.123220000000003,23.94876,/media/ilias/DATA/ilias/amrod_output/logs
diag_ctcr_priors,CSC-fog-x1,CTCMT_MTL,panoptic_fpn_R50_cityscapes,0.001,0.9998,0.01,true,soft_seg_global,0.3,0.5,true,true,0.1,false,true,false,0,ctcmt_diag_ctcr_priors.yaml,1,38.6314,40.3365,,,,,/media/ilias/DATA/ilias/amrod_output/logs
smoke_cotta_newsrc_csc_retry_s0,CSC-fog-x1,CoTTA_SemSeg,panoptic_fpn_R50_cityscapes_segw1,0.0001,0.99,0.01,false,full_box,0.0,0.01,false,false,0.0,false,false,false,0,cotta_newsrc_csc.yaml,1,,39.9398,,,,,/media/ilias/DATA/ilias/amrod_output/logs
smoke_cotta_newsrc_csc_s0_20260925_004725_1794148,CSC-fog-x1,CoTTA_SemSeg,panoptic_fpn_R50_cityscapes_segw1,0.0001,0.99,0.01,false,full_box,0.0,0.01,false,false,0.0,false,false,false,0,cotta_newsrc_csc.yaml,1,,39.9399,,,,,/media/ilias/DATA/ilias/amrod_output/logs
smoke_e16_protectedgrad,CSC-fog-x1,CTCMT_MTL,panoptic_fpn_R50_cityscapes,0.001,0.9998,0.01,true,soft_seg_global,0.3,0.5,true,true,0.1,false,true,false,0,ctcmt_e16_protectedgrad.yaml,1,38.7774,40.3778,,,,,/media/ilias/DATA/ilias/amrod_output/logs
smoke_e17_cagrad,CSC-fog-x1,CTCMT_MTL,panoptic_fpn_R50_cityscapes,0.001,0.9998,0.01,true,soft_seg_global,0.3,0.5,true,true,0.1,false,true,false,0,ctcmt_e17_cagrad.yaml,1,39.3432,41.1617,,,,,/media/ilias/DATA/ilias/amrod_output/logs
smoke_e18_harddecouple,CSC-fog-x1,CTCMT_MTL,panoptic_fpn_R50_cityscapes,0.001,0.9998,0.01,true,soft_seg_global,0.3,0.5,true,true,0.1,false,true,false,0,ctcmt_e18_harddecouple.yaml,1,38.7336,40.3823,,,,,/media/ilias/DATA/ilias/amrod_output/logs
smoke_e19_frozentrunk,CSC-fog-x1,CTCMT_MTL,panoptic_fpn_R50_cityscapes,0.001,0.9998,0.01,true,soft_seg_global,0.3,0.5,true,true,0.1,false,true,false,0,ctcmt_e19_frozentrunk.yaml,1,33.984,37.7057,,,,,/media/ilias/DATA/ilias/amrod_output/logs
smoke_e20_dynweight,CSC-fog-x1,CTCMT_MTL,panoptic_fpn_R50_cityscapes,0.001,0.9998,0.01,true,soft_seg_global,0.3,0.5,true,true,0.1,false,true,false,0,ctcmt_e20_dynweight.yaml,1,37.2257,39.7822,,,,,/media/ilias/DATA/ilias/amrod_output/logs
smoke_e22_seghead_only,CSC-fog-x1,CTCMT_MTL,panoptic_fpn_R50_cityscapes,0.001,0.9998,0.01,true,soft_seg_global,0.3,0.5,true,true,0.1,false,true,false,0,ctcmt_e22_seghead_only.yaml,1,36.7621,39.5997,,,,,/media/ilias/DATA/ilias/amrod_output/logs
smoke_e23_detseg_nocross,CSC-fog-x1,CTCMT_MTL,panoptic_fpn_R50_cityscapes,0.001,0.9998,0.01,true,soft_seg_global,0.0,0.5,true,true,0.1,false,true,false,0,ctcmt_e23_detseg_nocross.yaml,1,36.9433,39.3988,,,,,/media/ilias/DATA/ilias/amrod_output/logs
smoke_tent_newsrc_csc_s0_20260925_004725_1794148,CSC-fog-x1,TENT_SemSeg,panoptic_fpn_R50_cityscapes_segw1,0.0001,0.99,0.01,false,full_box,0.0,0.01,false,false,0.0,false,false,false,0,tent_newsrc_csc.yaml,1,,40.5035,,,,,/media/ilias/DATA/ilias/amrod_output/logs
batch_shortterm_o2,other-15evals,CTCMT_MTL,panoptic_fpn_R50_cityscapes,0.001,0.9998,0.01,true,soft_seg_global,0.3,0.5,true,true,0.1,false,true,false,0,ctcmt_e24_seghead_only_acdc.yaml,15,31.047326666666667,32.7944,,,,,/media/ilias/DATA/ilias/amrod_output/logs
batch_fisher_diag,other-180evals,CTCMT_MTL,panoptic_fpn_R50_cityscapes,0.001,0.9998,0.01,true,soft_seg_global,0.3,0.5,true,true,0.1,true,true,false,0,ctcmt_e30_fisher_full_csc.yaml,180,34.11210166666667,36.06907277777778,,,,,/media/ilias/DATA/ilias/amrod_output/logs
eval_src_new_48k_w10,other-1evals,PanopticFPN,,0.005,0.99,0.01,false,full_box,0.0,0.01,false,false,0.0,false,false,false,-1,panoptic_fpn_R_50.yaml,1,66.5911,70.3467,,,,,/media/ilias/DATA/ilias/amrod_output/logs
eval_src_new_60k_w10,other-1evals,PanopticFPN,panoptic_fpn_R50_cityscapes_segw1,0.005,0.99,0.01,false,full_box,0.0,0.01,false,false,0.0,false,false,false,-1,panoptic_fpn_R_50.yaml,1,66.7615,70.308,,,,,/media/ilias/DATA/ilias/amrod_output/logs
eval_src_old_48k_w05,other-1evals,PanopticFPN,panoptic_fpn_R50_cityscapes,0.005,0.99,0.01,false,full_box,0.0,0.01,false,false,0.0,false,false,false,-1,panoptic_fpn_R_50.yaml,1,66.2276,69.2462,,,,,/media/ilias/DATA/ilias/amrod_output/logs
newsrc_sota_all,other-228evals,AMROD,panoptic_fpn_R50_cityscapes_segw1,0.001,0.9998,0.01,false,full_box,0.0,0.01,false,false,0.0,false,false,false,0,amrod_newsrc_acdc.yaml,228,20.72771875,27.76565613207547,,,,,/media/ilias/DATA/ilias/amrod_output/logs
