method,round,fog,motion,snow,brightness,defocus,fog_to_end
Base,1,43.57128908120983,44.33944608899812,42.88117868925737,42.93389295075559,43.04156993663955,-0.5297191445702794
Base,2,43.84521626340936,43.90729936480097,43.56161387764191,43.571822597934016,43.232111519527535,-0.6131047438818271
Base,3,43.69909337475965,43.691793689591854,43.407674988220286,43.402433638226334,43.09698740210262,-0.6021059726570286
lambda=0,1,44.77895322166406,46.29833732670537,46.81099046513239,47.13832630791762,47.20615527331547,2.427202051651406
lambda=0,2,48.042956579521714,48.14977776025632,48.063090000582925,47.87149908116376,47.43732521436939,-0.6056313651523269
lambda=0,3,47.84390396242505,47.64871746444299,47.44185036098171,47.372827387368176,46.98043906153654,-0.8634649008885091
lambda=1,1,43.8848552946677,44.96935014345992,44.20860562581712,44.5578632323842,44.30738139064909,0.42252609598138946
lambda=1,2,45.14411964702319,45.04974019204816,44.63150691481953,44.624983936753466,44.11799982773067,-1.0261198192925178
lambda=1,3,44.58924768558779,44.32818868260628,43.59090632110297,43.45841724158916,42.76482490481171,-1.8244227807760822
Task-CoCo,1,43.654152160239605,44.50756389477048,44.07867781639844,44.17601457230456,44.01906956086357,0.36491740062396616
Task-CoCo,2,44.72498025872368,44.69733524673046,44.35996982039587,44.37776992345562,44.05379253216559,-0.6711877265580952
Task-CoCo,3,44.41419321356376,44.18261066582209,43.68283449543065,43.53274250494604,42.80313247190544,-1.6110607416583207
