method,kind,state_idx,round,position,adapted_dataset,probe_dataset,iter_before,iter_after,AP50,mIoU,prev_AP50,prev_mIoU,step_delta_AP50,step_delta_mIoU,after_fog_AP50,after_fog_mIoU,delta_from_fog_AP50,delta_from_fog_mIoU
base,probe_after_each,1,1,1,fog_mtl,fog_mtl,500,500,42.2601602661769,43.57128908120983,,,,,42.2601602661769,43.57128908120983,0.0,0.0
base,probe_after_each,2,1,2,motion_blur_mtl,fog_mtl,1000,1000,43.49950873425054,44.33944608899812,42.2601602661769,43.57128908120983,1.2393484680736435,0.7681570077882967,42.2601602661769,43.57128908120983,1.2393484680736435,0.7681570077882967
base,probe_after_each,3,1,3,snow_mtl,fog_mtl,1500,1500,43.42513071138438,42.88117868925737,43.49950873425054,44.33944608899812,-0.07437802286616346,-1.4582673997407554,42.2601602661769,43.57128908120983,1.16497044520748,-0.6901103919524587
base,probe_after_each,4,1,4,brightness_mtl,fog_mtl,2000,2000,44.35015851817328,42.93389295075559,43.42513071138438,42.88117868925737,0.9250278067889042,0.05271426149822389,42.2601602661769,43.57128908120983,2.0899982519963842,-0.6373961304542348
base,probe_after_each,5,1,5,defocus_blur_mtl,fog_mtl,2500,2500,44.197102811765845,43.04156993663955,44.35015851817328,42.93389295075559,-0.15305570640743582,0.10767698588395547,42.2601602661769,43.57128908120983,1.9369425455889484,-0.5297191445702794
base,probe_after_each,6,2,1,fog_mtl,fog_mtl,3000,3000,45.55559453623706,43.84521626340936,,,,,45.55559453623706,43.84521626340936,0.0,0.0
base,probe_after_each,7,2,2,motion_blur_mtl,fog_mtl,3500,3500,45.709989416453176,43.90729936480097,45.55559453623706,43.84521626340936,0.1543948802161168,0.06208310139160744,45.55559453623706,43.84521626340936,0.1543948802161168,0.06208310139160744
base,probe_after_each,8,2,3,snow_mtl,fog_mtl,4000,4000,45.403407909549976,43.56161387764191,45.709989416453176,43.90729936480097,-0.30658150690319985,-0.34568548715905933,45.55559453623706,43.84521626340936,-0.15218662668708305,-0.2836023857674519
base,probe_after_each,9,2,4,brightness_mtl,fog_mtl,4500,4500,45.55179363964261,43.571822597934016,45.403407909549976,43.56161387764191,0.14838573009263456,0.010208720292105511,45.55559453623706,43.84521626340936,-0.0038008965944484885,-0.2733936654753464
base,probe_after_each,10,2,5,defocus_blur_mtl,fog_mtl,5000,5000,45.1209883438881,43.232111519527535,45.55179363964261,43.571822597934016,-0.4308052957545101,-0.33971107840648074,45.55559453623706,43.84521626340936,-0.4346061923489586,-0.6131047438818271
base,probe_after_each,11,3,1,fog_mtl,fog_mtl,5500,5500,45.57385530179573,43.69909337475965,,,,,45.57385530179573,43.69909337475965,0.0,0.0
base,probe_after_each,12,3,2,motion_blur_mtl,fog_mtl,6000,6000,45.707846972756165,43.691793689591854,45.57385530179573,43.69909337475965,0.13399167096043385,-0.007299685167794223,45.57385530179573,43.69909337475965,0.13399167096043385,-0.007299685167794223
base,probe_after_each,13,3,3,snow_mtl,fog_mtl,6500,6500,45.68723081320514,43.407674988220286,45.707846972756165,43.691793689591854,-0.020616159551025248,-0.28411870137156825,45.57385530179573,43.69909337475965,0.1133755114094086,-0.2914183865393625
base,probe_after_each,14,3,4,brightness_mtl,fog_mtl,7000,7000,46.22077886536791,43.402433638226334,45.68723081320514,43.407674988220286,0.5335480521627716,-0.0052413499939518715,45.57385530179573,43.69909337475965,0.6469235635721802,-0.29665973653331434
base,probe_after_each,15,3,5,defocus_blur_mtl,fog_mtl,7500,7500,46.09471270159776,43.09698740210262,46.22077886536791,43.402433638226334,-0.12606616377015456,-0.30544623612371424,45.57385530179573,43.69909337475965,0.5208573998020256,-0.6021059726570286
lambda0,probe_after_each,1,1,1,fog_mtl,fog_mtl,500,500,43.5599295362341,44.77895322166406,,,,,43.5599295362341,44.77895322166406,0.0,0.0
lambda0,probe_after_each,2,1,2,motion_blur_mtl,fog_mtl,1000,1000,46.38643667492275,46.29833732670537,43.5599295362341,44.77895322166406,2.8265071386886476,1.5193841050413113,43.5599295362341,44.77895322166406,2.8265071386886476,1.5193841050413113
lambda0,probe_after_each,3,1,3,snow_mtl,fog_mtl,1500,1500,47.61725311343595,46.81099046513239,46.38643667492275,46.29833732670537,1.2308164385132017,0.5126531384270194,43.5599295362341,44.77895322166406,4.057323577201849,2.0320372434683307
lambda0,probe_after_each,4,1,4,brightness_mtl,fog_mtl,2000,2000,48.97982527466383,47.13832630791762,47.61725311343595,46.81099046513239,1.362572161227881,0.32733584278523153,43.5599295362341,44.77895322166406,5.41989573842973,2.3593730862535622
lambda0,probe_after_each,5,1,5,defocus_blur_mtl,fog_mtl,2500,2500,48.824900746787776,47.20615527331547,48.97982527466383,47.13832630791762,-0.15492452787605515,0.06782896539784389,43.5599295362341,44.77895322166406,5.264971210553675,2.427202051651406
lambda0,probe_after_each,6,2,1,fog_mtl,fog_mtl,3000,3000,49.951297651810215,48.042956579521714,,,,,49.951297651810215,48.042956579521714,0.0,0.0
lambda0,probe_after_each,7,2,2,motion_blur_mtl,fog_mtl,3500,3500,50.523443552509065,48.14977776025632,49.951297651810215,48.042956579521714,0.5721459006988496,0.106821180734606,49.951297651810215,48.042956579521714,0.5721459006988496,0.106821180734606
lambda0,probe_after_each,8,2,3,snow_mtl,fog_mtl,4000,4000,50.19329133215975,48.063090000582925,50.523443552509065,48.14977776025632,-0.33015222034931213,-0.0866877596733957,49.951297651810215,48.042956579521714,0.2419936803495375,0.0201334210612103
lambda0,probe_after_each,9,2,4,brightness_mtl,fog_mtl,4500,4500,50.33593971626624,47.87149908116376,50.19329133215975,48.063090000582925,0.1426483841064865,-0.19159091941916273,49.951297651810215,48.042956579521714,0.384642064456024,-0.17145749835795243
lambda0,probe_after_each,10,2,5,defocus_blur_mtl,fog_mtl,5000,5000,49.84760266509037,47.43732521436939,50.33593971626624,47.87149908116376,-0.48833705117586845,-0.4341738667943744,49.951297651810215,48.042956579521714,-0.10369498671984445,-0.6056313651523269
lambda0,probe_after_each,11,3,1,fog_mtl,fog_mtl,5500,5500,50.43381624094311,47.84390396242505,,,,,50.43381624094311,47.84390396242505,0.0,0.0
lambda0,probe_after_each,12,3,2,motion_blur_mtl,fog_mtl,6000,6000,50.34283128928397,47.64871746444299,50.43381624094311,47.84390396242505,-0.09098495165913789,-0.1951864979820641,50.43381624094311,47.84390396242505,-0.09098495165913789,-0.1951864979820641
lambda0,probe_after_each,13,3,3,snow_mtl,fog_mtl,6500,6500,49.23856197428723,47.44185036098171,50.34283128928397,47.64871746444299,-1.104269314996742,-0.20686710346127768,50.43381624094311,47.84390396242505,-1.1952542666558799,-0.4020536014433418
lambda0,probe_after_each,14,3,4,brightness_mtl,fog_mtl,7000,7000,49.50790647551455,47.372827387368176,49.23856197428723,47.44185036098171,0.269344501227323,-0.06902297361353504,50.43381624094311,47.84390396242505,-0.9259097654285569,-0.47107657505687683
lambda0,probe_after_each,15,3,5,defocus_blur_mtl,fog_mtl,7500,7500,49.27397122131275,46.98043906153654,49.50790647551455,47.372827387368176,-0.2339352542018034,-0.3923883258316323,50.43381624094311,47.84390396242505,-1.1598450196303602,-0.8634649008885091
lambda1,probe_after_each,1,1,1,fog_mtl,fog_mtl,500,500,41.69018313250935,43.8848552946677,,,,,41.69018313250935,43.8848552946677,0.0,0.0
lambda1,probe_after_each,2,1,2,motion_blur_mtl,fog_mtl,1000,1000,44.05156553693652,44.96935014345992,41.69018313250935,43.8848552946677,2.361382404427175,1.0844948487922181,41.69018313250935,43.8848552946677,2.361382404427175,1.0844948487922181
lambda1,probe_after_each,3,1,3,snow_mtl,fog_mtl,1500,1500,44.24848774077342,44.20860562581712,44.05156553693652,44.96935014345992,0.1969222038368983,-0.7607445176427987,41.69018313250935,43.8848552946677,2.5583046082640735,0.3237503311494194
lambda1,probe_after_each,4,1,4,brightness_mtl,fog_mtl,2000,2000,45.40551554045181,44.5578632323842,44.24848774077342,44.20860562581712,1.1570277996783886,0.34925760656707894,41.69018313250935,43.8848552946677,3.715332407942462,0.6730079377164984
lambda1,probe_after_each,5,1,5,defocus_blur_mtl,fog_mtl,2500,2500,45.5860752661013,44.30738139064909,45.40551554045181,44.5578632323842,0.18055972564948775,-0.2504818417351089,41.69018313250935,43.8848552946677,3.89589213359195,0.42252609598138946
lambda1,probe_after_each,6,2,1,fog_mtl,fog_mtl,3000,3000,46.6756802371312,45.14411964702319,,,,,46.6756802371312,45.14411964702319,0.0,0.0
lambda1,probe_after_each,7,2,2,motion_blur_mtl,fog_mtl,3500,3500,46.957999952437184,45.04974019204816,46.6756802371312,45.14411964702319,0.2823197153059809,-0.09437945497502653,46.6756802371312,45.14411964702319,0.2823197153059809,-0.09437945497502653
lambda1,probe_after_each,8,2,3,snow_mtl,fog_mtl,4000,4000,47.06542188146926,44.63150691481953,46.957999952437184,45.04974019204816,0.10742192903207837,-0.41823327722863013,46.6756802371312,45.14411964702319,0.38974164433805925,-0.5126127322036567
lambda1,probe_after_each,9,2,4,brightness_mtl,fog_mtl,4500,4500,47.42805128198271,44.624983936753466,47.06542188146926,44.63150691481953,0.3626294005134483,-0.006522978066065832,46.6756802371312,45.14411964702319,0.7523710448515075,-0.5191357102697225
lambda1,probe_after_each,10,2,5,defocus_blur_mtl,fog_mtl,5000,5000,47.21222183126636,44.11799982773067,47.42805128198271,44.624983936753466,-0.21582945071634896,-0.5069841090227953,46.6756802371312,45.14411964702319,0.5365415941351586,-1.0261198192925178
lambda1,probe_after_each,11,3,1,fog_mtl,fog_mtl,5500,5500,47.22844525310787,44.58924768558779,,,,,47.22844525310787,44.58924768558779,0.0,0.0
lambda1,probe_after_each,12,3,2,motion_blur_mtl,fog_mtl,6000,6000,47.60894984987733,44.32818868260628,47.22844525310787,44.58924768558779,0.38050459676945536,-0.2610590029815114,47.22844525310787,44.58924768558779,0.38050459676945536,-0.2610590029815114
lambda1,probe_after_each,13,3,3,snow_mtl,fog_mtl,6500,6500,47.38570973802916,43.59090632110297,47.60894984987733,44.32818868260628,-0.22324011184816328,-0.7372823615033113,47.22844525310787,44.58924768558779,0.15726448492129208,-0.9983413644848227
lambda1,probe_after_each,14,3,4,brightness_mtl,fog_mtl,7000,7000,47.99680001648839,43.45841724158916,47.38570973802916,43.59090632110297,0.6110902784592298,-0.13248907951381028,47.22844525310787,44.58924768558779,0.7683547633805219,-1.130830443998633
lambda1,probe_after_each,15,3,5,defocus_blur_mtl,fog_mtl,7500,7500,47.54365514630524,42.76482490481171,47.99680001648839,43.45841724158916,-0.4531448701831522,-0.6935923367774492,47.22844525310787,44.58924768558779,0.3152098931973697,-1.8244227807760822
taskcoco,probe_after_each,1,1,1,fog_mtl,fog_mtl,500,500,42.254018938241416,43.654152160239605,,,,,42.254018938241416,43.654152160239605,0.0,0.0
taskcoco,probe_after_each,2,1,2,motion_blur_mtl,fog_mtl,1000,1000,44.10158120084484,44.50756389477048,42.254018938241416,43.654152160239605,1.8475622626034252,0.8534117345308729,42.254018938241416,43.654152160239605,1.8475622626034252,0.8534117345308729
taskcoco,probe_after_each,3,1,3,snow_mtl,fog_mtl,1500,1500,44.55656091101432,44.07867781639844,44.10158120084484,44.50756389477048,0.45497971016948213,-0.42888607837203807,42.254018938241416,43.654152160239605,2.3025419727729073,0.42452565615883486
taskcoco,probe_after_each,4,1,4,brightness_mtl,fog_mtl,2000,2000,44.936490095314966,44.17601457230456,44.55656091101432,44.07867781639844,0.37992918430064293,0.09733675590612023,42.254018938241416,43.654152160239605,2.68247115707355,0.5218624120649551
taskcoco,probe_after_each,5,1,5,defocus_blur_mtl,fog_mtl,2500,2500,44.894572350798754,44.01906956086357,44.936490095314966,44.17601457230456,-0.041917744516212,-0.15694501144098894,42.254018938241416,43.654152160239605,2.640553412557338,0.36491740062396616
taskcoco,probe_after_each,6,2,1,fog_mtl,fog_mtl,3000,3000,46.15766843175526,44.72498025872368,,,,,46.15766843175526,44.72498025872368,0.0,0.0
taskcoco,probe_after_each,7,2,2,motion_blur_mtl,fog_mtl,3500,3500,46.158988603505904,44.69733524673046,46.15766843175526,44.72498025872368,0.0013201717506419186,-0.027645011993222113,46.15766843175526,44.72498025872368,0.0013201717506419186,-0.027645011993222113
taskcoco,probe_after_each,8,2,3,snow_mtl,fog_mtl,4000,4000,45.7744325241246,44.35996982039587,46.158988603505904,44.69733524673046,-0.384556079381305,-0.33736542633459266,46.15766843175526,44.72498025872368,-0.38323590763066306,-0.36501043832781477
taskcoco,probe_after_each,9,2,4,brightness_mtl,fog_mtl,4500,4500,46.09985343176762,44.37776992345562,45.7744325241246,44.35996982039587,0.32542090764302145,0.01780010305974855,46.15766843175526,44.72498025872368,-0.05781499998764161,-0.3472103352680662
taskcoco,probe_after_each,10,2,5,defocus_blur_mtl,fog_mtl,5000,5000,46.17651216514456,44.05379253216559,46.09985343176762,44.37776992345562,0.07665873337693796,-0.323977391290029,46.15766843175526,44.72498025872368,0.018843733389296347,-0.6711877265580952
taskcoco,probe_after_each,11,3,1,fog_mtl,fog_mtl,5500,5500,47.21121162401978,44.41419321356376,,,,,47.21121162401978,44.41419321356376,0.0,0.0
taskcoco,probe_after_each,12,3,2,motion_blur_mtl,fog_mtl,6000,6000,47.372658574786186,44.18261066582209,47.21121162401978,44.41419321356376,0.16144695076640403,-0.23158254774167375,47.21121162401978,44.41419321356376,0.16144695076640403,-0.23158254774167375
taskcoco,probe_after_each,13,3,3,snow_mtl,fog_mtl,6500,6500,47.307893916942646,43.68283449543065,47.372658574786186,44.18261066582209,-0.06476465784353991,-0.49977617039144207,47.21121162401978,44.41419321356376,0.09668229292286412,-0.7313587181331158
taskcoco,probe_after_each,14,3,4,brightness_mtl,fog_mtl,7000,7000,47.821354425394055,43.53274250494604,47.307893916942646,43.68283449543065,0.5134605084514092,-0.1500919904846043,47.21121162401978,44.41419321356376,0.6101428013742733,-0.8814507086177201
taskcoco,probe_after_each,15,3,5,defocus_blur_mtl,fog_mtl,7500,7500,47.39629675713902,42.80313247190544,47.821354425394055,43.53274250494604,-0.425057668255036,-0.7296100330406006,47.21121162401978,44.41419321356376,0.18508513311923736,-1.6110607416583207
