method,kind,state_idx,round,position,adapted_dataset,probe_dataset,iter_before,iter_after,AP50,mIoU
base,adapt,1,1,1,fog_mtl,,0,500,39.33368451254155,42.32372960252537
base,probe_after_each,1,1,1,fog_mtl,fog_mtl,500,500,42.2601602661769,43.57128908120983
base,adapt,2,1,2,motion_blur_mtl,,500,1000,12.211739635781612,35.40001923015366
base,probe_after_each,2,1,2,motion_blur_mtl,fog_mtl,1000,1000,43.49950873425054,44.33944608899812
base,adapt,3,1,3,snow_mtl,,1000,1500,0.2475247524752475,10.276160010561938
base,probe_after_each,3,1,3,snow_mtl,fog_mtl,1500,1500,43.42513071138438,42.88117868925737
base,adapt,4,1,4,brightness_mtl,,1500,2000,29.13046903501696,38.28763206036071
base,probe_after_each,4,1,4,brightness_mtl,fog_mtl,2000,2000,44.35015851817328,42.93389295075559
base,adapt,5,1,5,defocus_blur_mtl,,2000,2500,10.172972736263484,30.28705638187528
base,probe_after_each,5,1,5,defocus_blur_mtl,fog_mtl,2500,2500,44.197102811765845,43.04156993663955
base,probe_round_end,5,1,5,defocus_blur_mtl,motion_blur_mtl,2500,2500,13.975203501040165,36.75411304966013
base,probe_round_end,5,1,5,defocus_blur_mtl,snow_mtl,2500,2500,0.2475247524752475,10.192364143231645
base,probe_round_end,5,1,5,defocus_blur_mtl,brightness_mtl,2500,2500,30.68623688164197,39.225167921911925
base,probe_round_end,5,1,5,defocus_blur_mtl,defocus_blur_mtl,2500,2500,10.562464931934446,30.83818457213544
base,adapt,6,2,1,fog_mtl,,2500,3000,44.654456166367225,43.42130086153677
base,probe_after_each,6,2,1,fog_mtl,fog_mtl,3000,3000,45.55559453623706,43.84521626340936
base,adapt,7,2,2,motion_blur_mtl,,3000,3500,15.264294558190636,37.2710831212689
base,probe_after_each,7,2,2,motion_blur_mtl,fog_mtl,3500,3500,45.709989416453176,43.90729936480097
base,adapt,8,2,3,snow_mtl,,3500,4000,0.3284463061690784,10.282375762321786
base,probe_after_each,8,2,3,snow_mtl,fog_mtl,4000,4000,45.403407909549976,43.56161387764191
base,adapt,9,2,4,brightness_mtl,,4000,4500,34.49788000443303,41.12972099214012
base,probe_after_each,9,2,4,brightness_mtl,fog_mtl,4500,4500,45.55179363964261,43.571822597934016
base,adapt,10,2,5,defocus_blur_mtl,,4500,5000,12.32749781529018,32.189718911421586
base,probe_after_each,10,2,5,defocus_blur_mtl,fog_mtl,5000,5000,45.1209883438881,43.232111519527535
base,probe_round_end,10,2,5,defocus_blur_mtl,motion_blur_mtl,5000,5000,17.32920615340804,37.90546237093058
base,probe_round_end,10,2,5,defocus_blur_mtl,snow_mtl,5000,5000,0.3316831683168317,10.399430624083143
base,probe_round_end,10,2,5,defocus_blur_mtl,brightness_mtl,5000,5000,36.07852108231137,41.76550163664844
base,probe_round_end,10,2,5,defocus_blur_mtl,defocus_blur_mtl,5000,5000,12.698516508433247,32.54999304847185
base,adapt,11,3,1,fog_mtl,,5000,5500,45.48388975620159,43.406140951624266
base,probe_after_each,11,3,1,fog_mtl,fog_mtl,5500,5500,45.57385530179573,43.69909337475965
base,adapt,12,3,2,motion_blur_mtl,,5500,6000,18.3232171767389,38.3094094638168
base,probe_after_each,12,3,2,motion_blur_mtl,fog_mtl,6000,6000,45.707846972756165,43.691793689591854
base,adapt,13,3,3,snow_mtl,,6000,6500,0.3396882241415631,10.480969705624185
base,probe_after_each,13,3,3,snow_mtl,fog_mtl,6500,6500,45.68723081320514,43.407674988220286
base,adapt,14,3,4,brightness_mtl,,6500,7000,38.198430431804745,42.77475749507788
base,probe_after_each,14,3,4,brightness_mtl,fog_mtl,7000,7000,46.22077886536791,43.402433638226334
base,adapt,15,3,5,defocus_blur_mtl,,7000,7500,15.624956992961112,33.57338201949791
base,probe_after_each,15,3,5,defocus_blur_mtl,fog_mtl,7500,7500,46.09471270159776,43.09698740210262
base,probe_round_end,15,3,5,defocus_blur_mtl,motion_blur_mtl,7500,7500,18.72389139496112,38.69185694317075
base,probe_round_end,15,3,5,defocus_blur_mtl,snow_mtl,7500,7500,0.5176426515717435,10.593843263516607
base,probe_round_end,15,3,5,defocus_blur_mtl,brightness_mtl,7500,7500,38.79415000608176,43.1371670853073
base,probe_round_end,15,3,5,defocus_blur_mtl,defocus_blur_mtl,7500,7500,15.9523538118235,33.89125564297328
lambda0,adapt,1,1,1,fog_mtl,,0,500,40.37810215062123,42.98440104034098
lambda0,probe_after_each,1,1,1,fog_mtl,fog_mtl,500,500,43.5599295362341,44.77895322166406
lambda0,adapt,2,1,2,motion_blur_mtl,,500,1000,12.383591920008588,35.11059460570403
lambda0,probe_after_each,2,1,2,motion_blur_mtl,fog_mtl,1000,1000,46.38643667492275,46.29833732670537
lambda0,adapt,3,1,3,snow_mtl,,1000,1500,0.2475247524752475,10.222082868746018
lambda0,probe_after_each,3,1,3,snow_mtl,fog_mtl,1500,1500,47.61725311343595,46.81099046513239
lambda0,adapt,4,1,4,brightness_mtl,,1500,2000,31.739751449285865,40.03517993992261
lambda0,probe_after_each,4,1,4,brightness_mtl,fog_mtl,2000,2000,48.97982527466383,47.13832630791762
lambda0,adapt,5,1,5,defocus_blur_mtl,,2000,2500,11.023488941112516,30.06744507307796
lambda0,probe_after_each,5,1,5,defocus_blur_mtl,fog_mtl,2500,2500,48.824900746787776,47.20615527331547
lambda0,probe_round_end,5,1,5,defocus_blur_mtl,motion_blur_mtl,2500,2500,15.69137810476976,36.93601151429632
lambda0,probe_round_end,5,1,5,defocus_blur_mtl,snow_mtl,2500,2500,0.2475247524752475,10.289404553869437
lambda0,probe_round_end,5,1,5,defocus_blur_mtl,brightness_mtl,2500,2500,35.862161457876354,42.49018522885961
lambda0,probe_round_end,5,1,5,defocus_blur_mtl,defocus_blur_mtl,2500,2500,11.410358825955292,30.765722343846463
lambda0,adapt,6,2,1,fog_mtl,,2500,3000,49.39329308346579,47.58588619833725
lambda0,probe_after_each,6,2,1,fog_mtl,fog_mtl,3000,3000,49.951297651810215,48.042956579521714
lambda0,adapt,7,2,2,motion_blur_mtl,,3000,3500,18.369625767997213,37.72337620793108
lambda0,probe_after_each,7,2,2,motion_blur_mtl,fog_mtl,3500,3500,50.523443552509065,48.14977776025632
lambda0,adapt,8,2,3,snow_mtl,,3500,4000,0.3254492115878254,10.509888576737964
lambda0,probe_after_each,8,2,3,snow_mtl,fog_mtl,4000,4000,50.19329133215975,48.063090000582925
lambda0,adapt,9,2,4,brightness_mtl,,4000,4500,40.15174424200165,44.354039021616806
lambda0,probe_after_each,9,2,4,brightness_mtl,fog_mtl,4500,4500,50.33593971626624,47.87149908116376
lambda0,adapt,10,2,5,defocus_blur_mtl,,4500,5000,14.711370838163662,32.448072228089245
lambda0,probe_after_each,10,2,5,defocus_blur_mtl,fog_mtl,5000,5000,49.84760266509037,47.43732521436939
lambda0,probe_round_end,10,2,5,defocus_blur_mtl,motion_blur_mtl,5000,5000,18.97717336418781,38.0378168344653
lambda0,probe_round_end,10,2,5,defocus_blur_mtl,snow_mtl,5000,5000,0.4384849533980074,10.558727794871295
lambda0,probe_round_end,10,2,5,defocus_blur_mtl,brightness_mtl,5000,5000,42.71985224673032,45.93048419087711
lambda0,probe_round_end,10,2,5,defocus_blur_mtl,defocus_blur_mtl,5000,5000,15.44382266429001,33.04074195179827
lambda0,adapt,11,3,1,fog_mtl,,5000,5500,50.05967693712476,47.61396506779052
lambda0,probe_after_each,11,3,1,fog_mtl,fog_mtl,5500,5500,50.43381624094311,47.84390396242505
lambda0,adapt,12,3,2,motion_blur_mtl,,5500,6000,20.195098415176357,38.25648212754633
lambda0,probe_after_each,12,3,2,motion_blur_mtl,fog_mtl,6000,6000,50.34283128928397,47.64871746444299
lambda0,adapt,13,3,3,snow_mtl,,6000,6500,0.6100884061008841,10.642400034447986
lambda0,probe_after_each,13,3,3,snow_mtl,fog_mtl,6500,6500,49.23856197428723,47.44185036098171
lambda0,adapt,14,3,4,brightness_mtl,,6500,7000,44.719264856056654,46.610934355686034
lambda0,probe_after_each,14,3,4,brightness_mtl,fog_mtl,7000,7000,49.50790647551455,47.372827387368176
lambda0,adapt,15,3,5,defocus_blur_mtl,,7000,7500,18.74937987349016,34.218128979207265
lambda0,probe_after_each,15,3,5,defocus_blur_mtl,fog_mtl,7500,7500,49.27397122131275,46.98043906153654
lambda0,probe_round_end,15,3,5,defocus_blur_mtl,motion_blur_mtl,7500,7500,20.71078063656391,38.38976341204004
lambda0,probe_round_end,15,3,5,defocus_blur_mtl,snow_mtl,7500,7500,0.736134067155088,10.640417701964063
lambda0,probe_round_end,15,3,5,defocus_blur_mtl,brightness_mtl,7500,7500,46.21899317298677,47.54561747260067
lambda0,probe_round_end,15,3,5,defocus_blur_mtl,defocus_blur_mtl,7500,7500,19.578621769377023,34.58045201881827
lambda1,adapt,1,1,1,fog_mtl,,0,500,39.049550506727975,42.43342840473316
lambda1,probe_after_each,1,1,1,fog_mtl,fog_mtl,500,500,41.69018313250935,43.8848552946677
lambda1,adapt,2,1,2,motion_blur_mtl,,500,1000,12.522891964623906,35.67946582405908
lambda1,probe_after_each,2,1,2,motion_blur_mtl,fog_mtl,1000,1000,44.05156553693652,44.96935014345992
lambda1,adapt,3,1,3,snow_mtl,,1000,1500,0.2475247524752475,10.42171797265751
lambda1,probe_after_each,3,1,3,snow_mtl,fog_mtl,1500,1500,44.24848774077342,44.20860562581712
lambda1,adapt,4,1,4,brightness_mtl,,1500,2000,30.985872325827696,39.69875077250123
lambda1,probe_after_each,4,1,4,brightness_mtl,fog_mtl,2000,2000,45.40551554045181,44.5578632323842
lambda1,adapt,5,1,5,defocus_blur_mtl,,2000,2500,11.266700856697849,31.920487384639536
lambda1,probe_after_each,5,1,5,defocus_blur_mtl,fog_mtl,2500,2500,45.5860752661013,44.30738139064909
lambda1,probe_round_end,5,1,5,defocus_blur_mtl,motion_blur_mtl,2500,2500,15.523776673364525,37.70557567756661
lambda1,probe_round_end,5,1,5,defocus_blur_mtl,snow_mtl,2500,2500,0.2475247524752475,10.302874760104109
lambda1,probe_round_end,5,1,5,defocus_blur_mtl,brightness_mtl,2500,2500,33.89691412766005,41.201944067097344
lambda1,probe_round_end,5,1,5,defocus_blur_mtl,defocus_blur_mtl,2500,2500,12.106631330210677,32.64098571950114
lambda1,adapt,6,2,1,fog_mtl,,2500,3000,46.23014430707529,44.68210448783568
lambda1,probe_after_each,6,2,1,fog_mtl,fog_mtl,3000,3000,46.6756802371312,45.14411964702319
lambda1,adapt,7,2,2,motion_blur_mtl,,3000,3500,17.784577730129758,38.120501518452784
lambda1,probe_after_each,7,2,2,motion_blur_mtl,fog_mtl,3500,3500,46.957999952437184,45.04974019204816
lambda1,adapt,8,2,3,snow_mtl,,3500,4000,0.3308263518659559,10.466264052875566
lambda1,probe_after_each,8,2,3,snow_mtl,fog_mtl,4000,4000,47.06542188146926,44.63150691481953
lambda1,adapt,9,2,4,brightness_mtl,,4000,4500,37.731747754608,42.72238421990545
lambda1,probe_after_each,9,2,4,brightness_mtl,fog_mtl,4500,4500,47.42805128198271,44.624983936753466
lambda1,adapt,10,2,5,defocus_blur_mtl,,4500,5000,15.345047055495971,33.88475028444549
lambda1,probe_after_each,10,2,5,defocus_blur_mtl,fog_mtl,5000,5000,47.21222183126636,44.11799982773067
lambda1,probe_round_end,10,2,5,defocus_blur_mtl,motion_blur_mtl,5000,5000,17.503191715180087,38.31755140765797
lambda1,probe_round_end,10,2,5,defocus_blur_mtl,snow_mtl,5000,5000,0.5176497166523375,10.77559036470169
lambda1,probe_round_end,10,2,5,defocus_blur_mtl,brightness_mtl,5000,5000,38.92405942432778,43.42421204789149
lambda1,probe_round_end,10,2,5,defocus_blur_mtl,defocus_blur_mtl,5000,5000,15.97955611736402,34.47306912729283
lambda1,adapt,11,3,1,fog_mtl,,5000,5500,47.826126993599104,44.26602789201303
lambda1,probe_after_each,11,3,1,fog_mtl,fog_mtl,5500,5500,47.22844525310787,44.58924768558779
lambda1,adapt,12,3,2,motion_blur_mtl,,5500,6000,19.31468059953178,38.553293462385206
lambda1,probe_after_each,12,3,2,motion_blur_mtl,fog_mtl,6000,6000,47.60894984987733,44.32818868260628
lambda1,adapt,13,3,3,snow_mtl,,6000,6500,0.6562168053247217,11.014791548138849
lambda1,probe_after_each,13,3,3,snow_mtl,fog_mtl,6500,6500,47.38570973802916,43.59090632110297
lambda1,adapt,14,3,4,brightness_mtl,,6500,7000,42.2507256271499,44.23746680082796
lambda1,probe_after_each,14,3,4,brightness_mtl,fog_mtl,7000,7000,47.99680001648839,43.45841724158916
lambda1,adapt,15,3,5,defocus_blur_mtl,,7000,7500,18.548965421862444,34.72979920924584
lambda1,probe_after_each,15,3,5,defocus_blur_mtl,fog_mtl,7500,7500,47.54365514630524,42.76482490481171
lambda1,probe_round_end,15,3,5,defocus_blur_mtl,motion_blur_mtl,7500,7500,21.062680907306152,38.33532395114708
lambda1,probe_round_end,15,3,5,defocus_blur_mtl,snow_mtl,7500,7500,1.0173779433905257,11.382948590529118
lambda1,probe_round_end,15,3,5,defocus_blur_mtl,brightness_mtl,7500,7500,42.73182337106714,44.852818220613926
lambda1,probe_round_end,15,3,5,defocus_blur_mtl,defocus_blur_mtl,7500,7500,19.227389324627048,34.95120799555849
taskcoco,adapt,1,1,1,fog_mtl,,0,500,39.25811939243621,42.30867213055543
taskcoco,probe_after_each,1,1,1,fog_mtl,fog_mtl,500,500,42.254018938241416,43.654152160239605
taskcoco,adapt,2,1,2,motion_blur_mtl,,500,1000,12.039960090224906,35.067041398958104
taskcoco,probe_after_each,2,1,2,motion_blur_mtl,fog_mtl,1000,1000,44.10158120084484,44.50756389477048
taskcoco,adapt,3,1,3,snow_mtl,,1000,1500,0.2475247524752475,10.402624778971546
taskcoco,probe_after_each,3,1,3,snow_mtl,fog_mtl,1500,1500,44.55656091101432,44.07867781639844
taskcoco,adapt,4,1,4,brightness_mtl,,1500,2000,29.21992777769261,38.63169728658689
taskcoco,probe_after_each,4,1,4,brightness_mtl,fog_mtl,2000,2000,44.936490095314966,44.17601457230456
taskcoco,adapt,5,1,5,defocus_blur_mtl,,2000,2500,9.808157634710234,29.308573334952488
taskcoco,probe_after_each,5,1,5,defocus_blur_mtl,fog_mtl,2500,2500,44.894572350798754,44.01906956086357
taskcoco,probe_round_end,5,1,5,defocus_blur_mtl,motion_blur_mtl,2500,2500,14.131840864247144,36.72417155363297
taskcoco,probe_round_end,5,1,5,defocus_blur_mtl,snow_mtl,2500,2500,0.2475247524752475,10.526061498505875
taskcoco,probe_round_end,5,1,5,defocus_blur_mtl,brightness_mtl,2500,2500,30.853324610054315,39.787424490055685
taskcoco,probe_round_end,5,1,5,defocus_blur_mtl,defocus_blur_mtl,2500,2500,10.115755581800654,29.986666911817554
taskcoco,adapt,6,2,1,fog_mtl,,2500,3000,45.57035979558972,44.32868762222997
taskcoco,probe_after_each,6,2,1,fog_mtl,fog_mtl,3000,3000,46.15766843175526,44.72498025872368
taskcoco,adapt,7,2,2,motion_blur_mtl,,3000,3500,15.310952300682589,37.23592469467341
taskcoco,probe_after_each,7,2,2,motion_blur_mtl,fog_mtl,3500,3500,46.158988603505904,44.69733524673046
taskcoco,adapt,8,2,3,snow_mtl,,3500,4000,0.3254492115878254,10.769167917151645
taskcoco,probe_after_each,8,2,3,snow_mtl,fog_mtl,4000,4000,45.7744325241246,44.35996982039587
taskcoco,adapt,9,2,4,brightness_mtl,,4000,4500,34.81162015208579,41.27911235515404
taskcoco,probe_after_each,9,2,4,brightness_mtl,fog_mtl,4500,4500,46.09985343176762,44.37776992345562
taskcoco,adapt,10,2,5,defocus_blur_mtl,,4500,5000,13.18456475382391,32.19354954493429
taskcoco,probe_after_each,10,2,5,defocus_blur_mtl,fog_mtl,5000,5000,46.17651216514456,44.05379253216559
taskcoco,probe_round_end,10,2,5,defocus_blur_mtl,motion_blur_mtl,5000,5000,17.287431380691114,37.647952736449525
taskcoco,probe_round_end,10,2,5,defocus_blur_mtl,snow_mtl,5000,5000,0.3849877085956882,10.917529117786655
taskcoco,probe_round_end,10,2,5,defocus_blur_mtl,brightness_mtl,5000,5000,37.37590395389702,42.1003987642597
taskcoco,probe_round_end,10,2,5,defocus_blur_mtl,defocus_blur_mtl,5000,5000,13.522592306063585,32.68184954909536
taskcoco,adapt,11,3,1,fog_mtl,,5000,5500,46.99824174940344,44.18060600238603
taskcoco,probe_after_each,11,3,1,fog_mtl,fog_mtl,5500,5500,47.21121162401978,44.41419321356376
taskcoco,adapt,12,3,2,motion_blur_mtl,,5500,6000,17.646199396229555,37.78505667872468
taskcoco,probe_after_each,12,3,2,motion_blur_mtl,fog_mtl,6000,6000,47.372658574786186,44.18261066582209
taskcoco,adapt,13,3,3,snow_mtl,,6000,6500,0.5188731217842282,11.070835736205623
taskcoco,probe_after_each,13,3,3,snow_mtl,fog_mtl,6500,6500,47.307893916942646,43.68283449543065
taskcoco,adapt,14,3,4,brightness_mtl,,6500,7000,40.04992511817963,42.47874924667568
taskcoco,probe_after_each,14,3,4,brightness_mtl,fog_mtl,7000,7000,47.821354425394055,43.53274250494604
taskcoco,adapt,15,3,5,defocus_blur_mtl,,7000,7500,16.30859758550837,33.91790142040345
taskcoco,probe_after_each,15,3,5,defocus_blur_mtl,fog_mtl,7500,7500,47.39629675713902,42.80313247190544
taskcoco,probe_round_end,15,3,5,defocus_blur_mtl,motion_blur_mtl,7500,7500,17.880518046221788,37.848865835665926
taskcoco,probe_round_end,15,3,5,defocus_blur_mtl,snow_mtl,7500,7500,0.7520409092336365,11.289717492835504
taskcoco,probe_round_end,15,3,5,defocus_blur_mtl,brightness_mtl,7500,7500,40.77789066987015,42.79934162405533
taskcoco,probe_round_end,15,3,5,defocus_blur_mtl,defocus_blur_mtl,7500,7500,16.471801295908296,34.18418110224934
