method,round,transition,step_delta_AP50,step_delta_mIoU
Base,1,fog_state -> motion,1.2393484680736435,0.7681570077882967
Base,1,motion_state -> snow,-0.07437802286616346,-1.4582673997407554
Base,1,snow_state -> brightness,0.9250278067889042,0.05271426149822389
Base,1,brightness_state -> defocus,-0.15305570640743582,0.10767698588395547
Base,2,fog_state -> motion,0.1543948802161168,0.06208310139160744
Base,2,motion_state -> snow,-0.30658150690319985,-0.34568548715905933
Base,2,snow_state -> brightness,0.14838573009263456,0.010208720292105511
Base,2,brightness_state -> defocus,-0.4308052957545101,-0.33971107840648074
Base,3,fog_state -> motion,0.13399167096043385,-0.007299685167794223
Base,3,motion_state -> snow,-0.020616159551025248,-0.28411870137156825
Base,3,snow_state -> brightness,0.5335480521627716,-0.0052413499939518715
Base,3,brightness_state -> defocus,-0.12606616377015456,-0.30544623612371424
lambda=0,1,fog_state -> motion,2.8265071386886476,1.5193841050413113
lambda=0,1,motion_state -> snow,1.2308164385132017,0.5126531384270194
lambda=0,1,snow_state -> brightness,1.362572161227881,0.32733584278523153
lambda=0,1,brightness_state -> defocus,-0.15492452787605515,0.06782896539784389
lambda=0,2,fog_state -> motion,0.5721459006988496,0.106821180734606
lambda=0,2,motion_state -> snow,-0.33015222034931213,-0.0866877596733957
lambda=0,2,snow_state -> brightness,0.1426483841064865,-0.19159091941916273
lambda=0,2,brightness_state -> defocus,-0.48833705117586845,-0.4341738667943744
lambda=0,3,fog_state -> motion,-0.09098495165913789,-0.1951864979820641
lambda=0,3,motion_state -> snow,-1.104269314996742,-0.20686710346127768
lambda=0,3,snow_state -> brightness,0.269344501227323,-0.06902297361353504
lambda=0,3,brightness_state -> defocus,-0.2339352542018034,-0.3923883258316323
lambda=1,1,fog_state -> motion,2.361382404427175,1.0844948487922181
lambda=1,1,motion_state -> snow,0.1969222038368983,-0.7607445176427987
lambda=1,1,snow_state -> brightness,1.1570277996783886,0.34925760656707894
lambda=1,1,brightness_state -> defocus,0.18055972564948775,-0.2504818417351089
lambda=1,2,fog_state -> motion,0.2823197153059809,-0.09437945497502653
lambda=1,2,motion_state -> snow,0.10742192903207837,-0.41823327722863013
lambda=1,2,snow_state -> brightness,0.3626294005134483,-0.006522978066065832
lambda=1,2,brightness_state -> defocus,-0.21582945071634896,-0.5069841090227953
lambda=1,3,fog_state -> motion,0.38050459676945536,-0.2610590029815114
lambda=1,3,motion_state -> snow,-0.22324011184816328,-0.7372823615033113
lambda=1,3,snow_state -> brightness,0.6110902784592298,-0.13248907951381028
lambda=1,3,brightness_state -> defocus,-0.4531448701831522,-0.6935923367774492
Task-CoCo,1,fog_state -> motion,1.8475622626034252,0.8534117345308729
Task-CoCo,1,motion_state -> snow,0.45497971016948213,-0.42888607837203807
Task-CoCo,1,snow_state -> brightness,0.37992918430064293,0.09733675590612023
Task-CoCo,1,brightness_state -> defocus,-0.041917744516212,-0.15694501144098894
Task-CoCo,2,fog_state -> motion,0.0013201717506419186,-0.027645011993222113
Task-CoCo,2,motion_state -> snow,-0.384556079381305,-0.33736542633459266
Task-CoCo,2,snow_state -> brightness,0.32542090764302145,0.01780010305974855
Task-CoCo,2,brightness_state -> defocus,0.07665873337693796,-0.323977391290029
Task-CoCo,3,fog_state -> motion,0.16144695076640403,-0.23158254774167375
Task-CoCo,3,motion_state -> snow,-0.06476465784353991,-0.49977617039144207
Task-CoCo,3,snow_state -> brightness,0.5134605084514092,-0.1500919904846043
Task-CoCo,3,brightness_state -> defocus,-0.425057668255036,-0.7296100330406006
