method,adapted_dataset,mean_delta_AP50,mean_delta_mIoU,min_delta_mIoU,max_delta_mIoU
base,brightness_mtl,0.5356538630147701,0.01922721059879251,-0.0052413499939518715,0.05271426149822389
base,defocus_blur_mtl,-0.2366423886440335,-0.1791601095487465,-0.33971107840648074,0.10767698588395547
base,motion_blur_mtl,0.5092450064167314,0.2743134746707033,-0.007299685167794223,0.7681570077882967
base,snow_mtl,-0.1338585631067962,-0.6960238627571277,-1.4582673997407554,-0.28411870137156825
lambda0,brightness_mtl,0.5915216821872301,0.022240649917511252,-0.19159091941916273,0.32733584278523153
lambda0,defocus_blur_mtl,-0.292398944417909,-0.2529110757427209,-0.4341738667943744,0.06782896539784389
lambda0,motion_blur_mtl,1.1025560292427865,0.47700626259795104,-0.1951864979820641,1.5193841050413113
lambda0,snow_mtl,-0.06786836561095082,0.07303275843078201,-0.20686710346127768,0.5126531384270194
lambda1,brightness_mtl,0.7102491595503556,0.07008184966240094,-0.13248907951381028,0.34925760656707894
lambda1,defocus_blur_mtl,-0.1628048650833378,-0.48368609584511785,-0.6935923367774492,-0.2504818417351089
lambda1,motion_blur_mtl,1.0080689055008705,0.24301879694522674,-0.2610590029815114,1.0844948487922181
lambda1,snow_mtl,0.02703467367360446,-0.6387533854582467,-0.7607445176427987,-0.41823327722863013
taskcoco,brightness_mtl,0.4062702001316912,-0.011651710506245175,-0.1500919904846043,0.09733675590612023
taskcoco,defocus_blur_mtl,-0.13010555979810334,-0.40351081192387284,-0.7296100330406006,-0.15694501144098894
taskcoco,motion_blur_mtl,0.670109795040157,0.19806139159865901,-0.23158254774167375,0.8534117345308729
taskcoco,snow_mtl,0.0018863243148790805,-0.42200922503269095,-0.49977617039144207,-0.33736542633459266
