method,challenger,fog_before_AP50,fog_after_AP50,delta_AP50,fog_before_mIoU,fog_after_mIoU,delta_mIoU
base,motion_blur_mtl,42.11123845476128,43.629371901520805,1.5181334467595278,43.53067101492689,44.32141582920482,0.7907448142779288
base,snow_mtl,41.6425669660872,42.67684800075048,1.0342810346632803,43.54233223795041,43.65277813088898,0.11044589293857143
base,brightness_mtl,42.18355833124544,43.49678105618012,1.3132227249346755,43.573617963691326,44.31102475352665,0.737406789835326
base,defocus_blur_mtl,42.16712051250832,42.52219789719128,0.35507738468296424,43.526904234931685,44.02386863814064,0.4969644032089562
lambda0,motion_blur_mtl,43.97778840261009,46.43261528940773,2.4548268867976404,44.803293301566015,46.23411237944035,1.4308190778743324
lambda0,snow_mtl,43.68859243852914,46.05005394502656,2.3614615064974203,44.72333695084826,46.17996725768393,1.4566303068356703
lambda0,brightness_mtl,44.01507460603914,46.420032112462096,2.404957506422953,44.65359781366525,45.988849828511626,1.3352520148463753
lambda0,defocus_blur_mtl,43.9728604542547,46.00091983244346,2.0280593781887575,44.80691899476736,46.288110283353376,1.4811912885860181
lambda1,motion_blur_mtl,41.88376339503521,44.1222912936902,2.2385278986549935,43.90279011376211,44.879188543444336,0.9763984296822272
lambda1,snow_mtl,41.73017683869645,43.69942141768509,1.9692445789886364,43.87891597464807,44.38430649160329,0.5053905169552166
lambda1,brightness_mtl,41.786453075981925,44.50052912292882,2.714076046946893,43.96903348450071,45.1822611539016,1.2132276694008866
lambda1,defocus_blur_mtl,41.859583448890746,42.79777368644552,0.938190237554771,43.84554147281977,44.68060896787861,0.8350674950588441
taskcoco,motion_blur_mtl,41.55525729213822,44.17047824764405,2.6152209555058263,43.53901912337798,44.660465428134174,1.1214463047561907
taskcoco,snow_mtl,42.2058228131454,43.18930125467741,0.9834784415320073,43.60474481347569,43.88519754870697,0.2804527352312789
taskcoco,brightness_mtl,42.20063783382423,44.51979616827876,2.319158334454528,43.67120534019479,44.94246388880595,1.271258548611165
taskcoco,defocus_blur_mtl,42.17153198463959,43.48277863481486,1.3112466501752706,43.6859534815304,44.65791330654656,0.9719598250161638
