method,round,dataset,AP50,mIoU
base,3,fog_mtl,46.09471270159776,43.09698740210262
base,3,motion_blur_mtl,18.72389139496112,38.69185694317075
base,3,snow_mtl,0.5176426515717435,10.593843263516607
base,3,brightness_mtl,38.79415000608176,43.1371670853073
base,3,defocus_blur_mtl,15.9523538118235,33.89125564297328
lambda0,3,fog_mtl,49.27397122131275,46.98043906153654
lambda0,3,motion_blur_mtl,20.71078063656391,38.38976341204004
lambda0,3,snow_mtl,0.736134067155088,10.640417701964063
lambda0,3,brightness_mtl,46.21899317298677,47.54561747260067
lambda0,3,defocus_blur_mtl,19.578621769377023,34.58045201881827
lambda1,3,fog_mtl,47.54365514630524,42.76482490481171
lambda1,3,motion_blur_mtl,21.062680907306152,38.33532395114708
lambda1,3,snow_mtl,1.0173779433905257,11.382948590529118
lambda1,3,brightness_mtl,42.73182337106714,44.852818220613926
lambda1,3,defocus_blur_mtl,19.227389324627048,34.95120799555849
taskcoco,3,fog_mtl,47.39629675713902,42.80313247190544
taskcoco,3,motion_blur_mtl,17.880518046221788,37.848865835665926
taskcoco,3,snow_mtl,0.7520409092336365,11.289717492835504
taskcoco,3,brightness_mtl,40.77789066987015,42.79934162405533
taskcoco,3,defocus_blur_mtl,16.471801295908296,34.18418110224934
