method,round,frozen_mean_AP50,frozen_mean_mIoU
base,1,19.933706575771534,32.01027992471573
base,2,22.31178305127152,33.170499839932305
base,3,24.016550113207177,33.88222206741411
lambda0,1,22.407264777572884,33.53749578283746
lambda0,2,25.485387178739302,35.00101919727628
lambda0,3,27.303700173479108,35.627337933391914
lambda1,1,21.47218442996236,33.23175232298366
lambda1,2,24.027335760958117,34.22168455505493
lambda1,3,26.31658533853922,34.45742473253206
taskcoco,1,20.048603631875224,32.20867880297513
taskcoco,2,22.949485502878396,33.48030453995137
taskcoco,3,24.65570953567458,33.78504770534231
