dataset,domain,round,base_AP50,base_mIoU,ctcr_AP50,ctcr_mIoU,delta_AP50,delta_mIoU
ACDC,fog,1,54.5485,44.3204,55.0373,45.0762,0.4888000000000048,0.7558000000000007
ACDC,fog,2,57.4727,47.3634,59.9977,49.2013,2.5249999999999986,1.8379000000000048
ACDC,fog,3,58.6312,48.8354,60.7204,50.7132,2.089199999999998,1.8778000000000006
ACDC,fog,4,59.4538,50.0177,60.8265,51.1519,1.3727000000000018,1.1341999999999999
ACDC,fog,5,59.7722,50.9053,62.094,51.439,2.321800000000003,0.5337000000000032
ACDC,fog,6,59.9554,51.4467,62.2118,51.8915,2.2563999999999993,0.44480000000000075
ACDC,fog,7,61.0047,51.7542,61.5912,51.672,0.5865000000000009,-0.08220000000000027
ACDC,fog,8,60.6278,52.0621,61.3996,51.2424,0.7717999999999989,-0.8196999999999974
ACDC,fog,9,60.8757,52.3407,61.1964,50.6011,0.3206999999999951,-1.7395999999999958
ACDC,fog,10,60.5142,52.4208,60.9728,50.101,0.458599999999997,-2.3198000000000008
ACDC,night,1,16.2343,20.8436,16.6933,21.0381,0.45899999999999963,0.19450000000000145
ACDC,night,2,18.8087,21.9405,20.181,22.8998,1.3722999999999992,0.9592999999999989
ACDC,night,3,20.5119,22.9137,21.2803,23.9469,0.7683999999999997,1.0332000000000008
ACDC,night,4,21.9995,23.3815,23.1213,24.5265,1.1218000000000004,1.1449999999999996
ACDC,night,5,22.8655,23.9813,23.7232,24.7834,0.8576999999999977,0.8020999999999994
ACDC,night,6,23.5134,24.3272,24.5881,25.1469,1.0747,0.8196999999999974
ACDC,night,7,24.2674,24.5502,24.1029,25.0515,-0.16449999999999676,0.5013000000000005
ACDC,night,8,24.2381,24.7142,25.0872,25.0879,0.8491,0.3736999999999995
ACDC,night,9,24.61,24.8548,25.2818,24.9831,0.6718000000000011,0.12829999999999941
ACDC,night,10,25.0839,24.8855,25.354,24.8194,0.27009999999999934,-0.06609999999999872
ACDC,rain,1,36.7261,43.1187,37.7759,44.2071,1.0497999999999976,1.0884
ACDC,rain,2,38.6019,44.693,41.6996,46.8366,3.097699999999996,2.1435999999999993
ACDC,rain,3,41.2458,45.8054,42.975,48.0408,1.7291999999999987,2.2353999999999985
ACDC,rain,4,42.4572,46.6435,43.1835,48.583,0.7263000000000019,1.9394999999999953
ACDC,rain,5,42.4415,47.3569,43.3149,49.059,0.8734000000000037,1.7020999999999944
ACDC,rain,6,43.3858,48.1712,42.8665,49.0866,-0.5193000000000012,0.9153999999999982
ACDC,rain,7,43.6864,48.5301,43.5634,48.9968,-0.12299999999999756,0.466700000000003
ACDC,rain,8,43.7421,48.9546,44.611,49.0556,0.8688999999999965,0.10099999999999909
ACDC,rain,9,44.3926,49.2066,44.2724,49.0983,-0.12020000000000408,-0.10829999999999984
ACDC,rain,10,44.3822,49.4124,44.8146,48.8901,0.43240000000000123,-0.5223000000000013
ACDC,snow,1,40.1409,39.9897,42.8746,41.0119,2.733699999999999,1.022199999999998
ACDC,snow,2,42.1516,41.7447,46.947,43.3545,4.795400000000001,1.6098
ACDC,snow,3,44.9712,42.9795,48.8186,44.7053,3.8474000000000004,1.7257999999999996
ACDC,snow,4,45.6459,43.7412,49.8925,45.0129,4.246600000000001,1.2717000000000027
ACDC,snow,5,47.1104,44.6875,50.4944,45.3491,3.3840000000000003,0.6616
ACDC,snow,6,47.2107,44.9918,49.8341,45.3662,2.6233999999999966,0.3744000000000014
ACDC,snow,7,47.903,45.3552,50.4949,45.2713,2.5919000000000025,-0.08390000000000697
ACDC,snow,8,47.9148,45.8869,50.2196,45.1393,2.3048,-0.7475999999999985
ACDC,snow,9,48.1007,46.2148,50.562,45.1091,2.4612999999999943,-1.1056999999999988
ACDC,snow,10,48.5965,46.4811,50.5541,45.1322,1.9575999999999993,-1.3489000000000004
CSC,brightness,1,29.1262,38.2165,30.9124,39.5098,1.786200000000001,1.293299999999995
CSC,brightness,2,34.3656,41.1076,39.032,42.5948,4.666399999999996,1.4872000000000014
CSC,brightness,3,38.9111,42.987,42.965,43.7698,4.053900000000006,0.7827999999999946
CSC,brightness,4,41.0147,43.7173,44.5512,44.0429,3.5365000000000038,0.32560000000000144
CSC,brightness,5,43.1009,44.3329,46.1316,44.2508,3.030699999999996,-0.08210000000000406
CSC,brightness,6,43.4934,44.52,46.0146,43.686,2.5212000000000003,-0.8340000000000032
CSC,brightness,7,44.6294,44.6691,46.6162,43.0834,1.9868000000000023,-1.5857000000000028
CSC,brightness,8,45.2164,44.5129,46.653,42.5012,1.4365999999999985,-2.0117000000000047
CSC,brightness,9,46.3639,44.3251,47.4682,41.6214,1.104300000000002,-2.7036999999999978
CSC,brightness,10,46.4458,44.1333,46.7837,41.0781,0.33790000000000475,-3.0551999999999992
CSC,defocus_blur,1,9.4127,29.8719,12.2433,32.0121,2.8306000000000004,2.1401999999999965
CSC,defocus_blur,2,11.7202,32.2758,16.8529,34.3756,5.132700000000002,2.099800000000002
CSC,defocus_blur,3,15.0728,33.1377,20.0894,34.9367,5.0166,1.7989999999999995
CSC,defocus_blur,4,16.9328,34.4548,22.0365,34.7988,5.1037,0.3440000000000012
CSC,defocus_blur,5,19.7498,35.7045,22.9946,34.5683,3.244799999999998,-1.1362000000000023
CSC,defocus_blur,6,20.9485,36.1372,23.8563,34.3496,2.9078000000000017,-1.7875999999999976
CSC,defocus_blur,7,22.3814,35.9985,24.8654,33.7145,2.4840000000000018,-2.283999999999999
CSC,defocus_blur,8,22.9563,35.9693,24.7137,33.0801,1.7574000000000005,-2.8891999999999953
CSC,defocus_blur,9,23.2388,35.3578,23.9221,32.1072,0.6832999999999991,-3.2505999999999986
CSC,defocus_blur,10,25.3086,35.0105,23.9447,31.6057,-1.3638999999999974,-3.4048000000000016
CSC,fog,1,39.4218,42.3621,39.1625,42.4289,-0.2592999999999961,0.06680000000000064
CSC,fog,2,45.618,43.8723,46.514,44.6898,0.8960000000000008,0.8174999999999955
CSC,fog,3,46.1527,43.8855,48.746,44.5356,2.5932999999999993,0.6501000000000019
CSC,fog,4,46.9792,43.6318,48.6799,42.8191,1.7007000000000048,-0.8126999999999995
CSC,fog,5,48.5321,43.2371,48.2925,41.0442,-0.23960000000000292,-2.1929000000000016
CSC,fog,6,49.2103,42.3455,48.7693,39.4384,-0.4409999999999954,-2.9071
CSC,fog,7,48.67,41.423,48.1537,38.1889,-0.5163000000000011,-3.234100000000005
CSC,fog,8,48.958,40.5607,47.695,36.7657,-1.2629999999999981,-3.7949999999999946
CSC,fog,9,49.4951,39.7637,47.127,35.7051,-2.3680999999999983,-4.058599999999998
CSC,fog,10,49.5562,39.1545,47.5586,34.8234,-1.9975999999999985,-4.331099999999999
CSC,motion_blur,1,12.0331,35.0009,12.5148,35.6179,0.4817,0.6169999999999973
CSC,motion_blur,2,15.1773,36.9898,17.1205,38.3956,1.9431999999999992,1.4057999999999993
CSC,motion_blur,3,17.8127,38.3914,19.1296,38.9548,1.3169000000000004,0.5634000000000015
CSC,motion_blur,4,17.8702,38.6223,20.5964,38.3998,2.7261999999999986,-0.2225000000000037
CSC,motion_blur,5,19.1751,38.8545,21.068,37.6737,1.892900000000001,-1.180800000000005
CSC,motion_blur,6,19.3492,38.6945,21.8687,37.1177,2.5195000000000007,-1.5767999999999986
CSC,motion_blur,7,20.0344,38.8565,22.4017,36.5177,2.3673,-2.338799999999999
CSC,motion_blur,8,20.435,38.3083,23.5286,35.6671,3.093600000000002,-2.641200000000005
CSC,motion_blur,9,20.8582,37.9872,23.0575,35.1159,2.199300000000001,-2.871299999999998
CSC,motion_blur,10,20.8391,37.4311,23.2776,34.4918,2.4385000000000012,-2.939300000000003
CSC,snow,1,0.2475,10.2493,0.2475,10.4169,0.0,0.1676000000000002
CSC,snow,2,0.2475,10.3054,0.3529,10.6983,0.1054,0.39289999999999914
CSC,snow,3,0.4505,10.4977,0.794,11.2343,0.3435,0.7365999999999993
CSC,snow,4,0.6015,10.6852,1.5978,11.761,0.9963000000000001,1.0757999999999992
CSC,snow,5,0.9372,10.8444,2.4141,12.4558,1.4768999999999999,1.6113999999999997
CSC,snow,6,1.204,10.8747,3.1747,13.0433,1.9707000000000001,2.1685999999999996
CSC,snow,7,1.5769,11.0199,3.6201,13.4177,2.0431999999999997,2.3978
CSC,snow,8,1.8689,11.1322,4.1955,13.8308,2.3266,2.6986000000000008
CSC,snow,9,1.9384,11.0207,4.4602,13.9471,2.5218000000000007,2.926400000000001
CSC,snow,10,1.9489,10.9313,5.2067,14.3431,3.2577999999999996,3.4117999999999995
