dataset,variant,domain,round,AP50,mIoU
ACDC,+CTPV,fog,1,55.3553,44.9294
ACDC,+CTPV,fog,2,59.4171,49.4742
ACDC,+CTPV,fog,3,60.5464,51.2221
ACDC,+CTPV,fog,4,61.8134,51.2452
ACDC,+CTPV,fog,5,60.5773,51.095
ACDC,+CTPV,fog,6,60.3286,51.109
ACDC,+CTPV,fog,7,59.7251,50.8274
ACDC,+CTPV,fog,8,57.9602,50.2389
ACDC,+CTPV,fog,9,56.9115,49.8935
ACDC,+CTPV,fog,10,55.6582,49.4214
ACDC,+CTPV,night,1,16.7312,21.0399
ACDC,+CTPV,night,2,20.2095,22.926
ACDC,+CTPV,night,3,21.7748,24.1122
ACDC,+CTPV,night,4,22.4744,23.685
ACDC,+CTPV,night,5,23.1838,24.3912
ACDC,+CTPV,night,6,23.6039,24.6874
ACDC,+CTPV,night,7,23.4863,24.2731
ACDC,+CTPV,night,8,23.3918,24.262
ACDC,+CTPV,night,9,23.3035,24.2513
ACDC,+CTPV,night,10,23.2598,23.7152
ACDC,+CTPV,rain,1,38.8137,44.5595
ACDC,+CTPV,rain,2,42.6174,47.2676
ACDC,+CTPV,rain,3,43.2494,47.8106
ACDC,+CTPV,rain,4,43.5921,47.788
ACDC,+CTPV,rain,5,44.2304,48.9877
ACDC,+CTPV,rain,6,44.1079,48.9274
ACDC,+CTPV,rain,7,43.988,48.2733
ACDC,+CTPV,rain,8,44.3706,48.0636
ACDC,+CTPV,rain,9,43.1895,47.5054
ACDC,+CTPV,rain,10,42.7099,47.1078
ACDC,+CTPV,snow,1,42.8157,41.263
ACDC,+CTPV,snow,2,47.4972,44.2909
ACDC,+CTPV,snow,3,49.1605,45.2769
ACDC,+CTPV,snow,4,49.3545,45.5976
ACDC,+CTPV,snow,5,49.9532,45.477
ACDC,+CTPV,snow,6,49.4836,45.6848
ACDC,+CTPV,snow,7,49.8312,45.8191
ACDC,+CTPV,snow,8,49.4891,45.709
ACDC,+CTPV,snow,9,49.7401,45.6802
ACDC,+CTPV,snow,10,49.5162,45.4159
ACDC,Base,fog,1,54.5485,44.3204
ACDC,Base,fog,2,57.4727,47.3634
ACDC,Base,fog,3,58.6312,48.8354
ACDC,Base,fog,4,59.4538,50.0177
ACDC,Base,fog,5,59.7722,50.9053
ACDC,Base,fog,6,59.9554,51.4467
ACDC,Base,fog,7,61.0047,51.7542
ACDC,Base,fog,8,60.6278,52.0621
ACDC,Base,fog,9,60.8757,52.3407
ACDC,Base,fog,10,60.5142,52.4208
ACDC,Base,night,1,16.2343,20.8436
ACDC,Base,night,2,18.8087,21.9405
ACDC,Base,night,3,20.5119,22.9137
ACDC,Base,night,4,21.9995,23.3815
ACDC,Base,night,5,22.8655,23.9813
ACDC,Base,night,6,23.5134,24.3272
ACDC,Base,night,7,24.2674,24.5502
ACDC,Base,night,8,24.2381,24.7142
ACDC,Base,night,9,24.61,24.8548
ACDC,Base,night,10,25.0839,24.8855
ACDC,Base,rain,1,36.7261,43.1187
ACDC,Base,rain,2,38.6019,44.693
ACDC,Base,rain,3,41.2458,45.8054
ACDC,Base,rain,4,42.4572,46.6435
ACDC,Base,rain,5,42.4415,47.3569
ACDC,Base,rain,6,43.3858,48.1712
ACDC,Base,rain,7,43.6864,48.5301
ACDC,Base,rain,8,43.7421,48.9546
ACDC,Base,rain,9,44.3926,49.2066
ACDC,Base,rain,10,44.3822,49.4124
ACDC,Base,snow,1,40.1409,39.9897
ACDC,Base,snow,2,42.1516,41.7447
ACDC,Base,snow,3,44.9712,42.9795
ACDC,Base,snow,4,45.6459,43.7412
ACDC,Base,snow,5,47.1104,44.6875
ACDC,Base,snow,6,47.2107,44.9918
ACDC,Base,snow,7,47.903,45.3552
ACDC,Base,snow,8,47.9148,45.8869
ACDC,Base,snow,9,48.1007,46.2148
ACDC,Base,snow,10,48.5965,46.4811
ACDC,CT-CL,fog,1,55.0743,44.7521
ACDC,CT-CL,fog,2,59.697,48.4991
ACDC,CT-CL,fog,3,60.6838,49.9233
ACDC,CT-CL,fog,4,60.3729,50.9554
ACDC,CT-CL,fog,5,60.6702,51.6047
ACDC,CT-CL,fog,6,60.5279,52.0213
ACDC,CT-CL,fog,7,60.0181,52.0408
ACDC,CT-CL,fog,8,60.1303,52.3273
ACDC,CT-CL,fog,9,59.9047,52.5846
ACDC,CT-CL,fog,10,59.8306,52.4661
ACDC,CT-CL,night,1,16.4427,20.864
ACDC,CT-CL,night,2,19.3157,22.5143
ACDC,CT-CL,night,3,21.3633,23.4459
ACDC,CT-CL,night,4,22.3914,23.8845
ACDC,CT-CL,night,5,23.5896,24.564
ACDC,CT-CL,night,6,24.6131,24.8406
ACDC,CT-CL,night,7,24.7095,24.8846
ACDC,CT-CL,night,8,24.8279,25.0323
ACDC,CT-CL,night,9,25.0838,25.0901
ACDC,CT-CL,night,10,25.4141,25.0135
ACDC,CT-CL,rain,1,37.406,43.6993
ACDC,CT-CL,rain,2,39.1591,45.6749
ACDC,CT-CL,rain,3,40.9679,46.7397
ACDC,CT-CL,rain,4,41.272,47.55
ACDC,CT-CL,rain,5,42.6215,48.272
ACDC,CT-CL,rain,6,43.7781,48.7726
ACDC,CT-CL,rain,7,44.2839,49.1231
ACDC,CT-CL,rain,8,44.6235,49.3773
ACDC,CT-CL,rain,9,43.97,49.5264
ACDC,CT-CL,rain,10,43.9859,49.7513
ACDC,CT-CL,snow,1,41.0508,40.5703
ACDC,CT-CL,snow,2,43.7055,42.71
ACDC,CT-CL,snow,3,46.2617,44.3227
ACDC,CT-CL,snow,4,46.7033,45.1381
ACDC,CT-CL,snow,5,47.7436,46.0715
ACDC,CT-CL,snow,6,48.7254,46.379
ACDC,CT-CL,snow,7,49.1935,46.4258
ACDC,CT-CL,snow,8,48.6205,46.7495
ACDC,CT-CL,snow,9,49.1021,46.8361
ACDC,CT-CL,snow,10,48.9599,46.977
ACDC,CT-CL+CT-CR,fog,1,55.5466,45.2915
ACDC,CT-CL+CT-CR,fog,2,60.1153,49.7403
ACDC,CT-CL+CT-CR,fog,3,60.3633,50.9756
ACDC,CT-CL+CT-CR,fog,4,59.9751,51.503
ACDC,CT-CL+CT-CR,fog,5,60.6372,51.4487
ACDC,CT-CL+CT-CR,fog,6,61.0437,51.1525
ACDC,CT-CL+CT-CR,fog,7,60.4673,51.0671
ACDC,CT-CL+CT-CR,fog,8,60.1276,50.8999
ACDC,CT-CL+CT-CR,fog,9,59.8335,50.6832
ACDC,CT-CL+CT-CR,fog,10,59.1658,50.3853
ACDC,CT-CL+CT-CR,night,1,16.8832,21.118
ACDC,CT-CL+CT-CR,night,2,20.2787,23.0626
ACDC,CT-CL+CT-CR,night,3,22.0942,24.013
ACDC,CT-CL+CT-CR,night,4,22.9305,24.3492
ACDC,CT-CL+CT-CR,night,5,24.3183,25.062
ACDC,CT-CL+CT-CR,night,6,24.7152,24.9884
ACDC,CT-CL+CT-CR,night,7,24.6167,24.6615
ACDC,CT-CL+CT-CR,night,8,24.8186,24.7449
ACDC,CT-CL+CT-CR,night,9,25.0138,24.6385
ACDC,CT-CL+CT-CR,night,10,25.1307,24.3382
ACDC,CT-CL+CT-CR,rain,1,39.0232,44.829
ACDC,CT-CL+CT-CR,rain,2,41.6086,47.2346
ACDC,CT-CL+CT-CR,rain,3,43.295,48.1729
ACDC,CT-CL+CT-CR,rain,4,43.99,48.956
ACDC,CT-CL+CT-CR,rain,5,45.2324,49.1563
ACDC,CT-CL+CT-CR,rain,6,43.7994,49.0906
ACDC,CT-CL+CT-CR,rain,7,44.3731,48.5849
ACDC,CT-CL+CT-CR,rain,8,44.5728,48.5359
ACDC,CT-CL+CT-CR,rain,9,44.6509,48.2157
ACDC,CT-CL+CT-CR,rain,10,44.1576,47.8663
ACDC,CT-CL+CT-CR,snow,1,43.3771,41.2597
ACDC,CT-CL+CT-CR,snow,2,47.514,43.8249
ACDC,CT-CL+CT-CR,snow,3,48.2331,45.3722
ACDC,CT-CL+CT-CR,snow,4,49.6045,45.7581
ACDC,CT-CL+CT-CR,snow,5,49.958,45.9836
ACDC,CT-CL+CT-CR,snow,6,50.2101,45.897
ACDC,CT-CL+CT-CR,snow,7,49.7869,45.7242
ACDC,CT-CL+CT-CR,snow,8,50.0873,45.8111
ACDC,CT-CL+CT-CR,snow,9,50.1741,45.7968
ACDC,CT-CL+CT-CR,snow,10,50.9799,45.6451
ACDC,CT-CR,fog,1,55.0373,45.0762
ACDC,CT-CR,fog,2,59.9977,49.2013
ACDC,CT-CR,fog,3,60.7204,50.7132
ACDC,CT-CR,fog,4,60.8265,51.1519
ACDC,CT-CR,fog,5,62.094,51.439
ACDC,CT-CR,fog,6,62.2118,51.8915
ACDC,CT-CR,fog,7,61.5912,51.672
ACDC,CT-CR,fog,8,61.3996,51.2424
ACDC,CT-CR,fog,9,61.1964,50.6011
ACDC,CT-CR,fog,10,60.9728,50.101
ACDC,CT-CR,night,1,16.6933,21.0381
ACDC,CT-CR,night,2,20.181,22.8998
ACDC,CT-CR,night,3,21.2803,23.9469
ACDC,CT-CR,night,4,23.1213,24.5265
ACDC,CT-CR,night,5,23.7232,24.7834
ACDC,CT-CR,night,6,24.5881,25.1469
ACDC,CT-CR,night,7,24.1029,25.0515
ACDC,CT-CR,night,8,25.0872,25.0879
ACDC,CT-CR,night,9,25.2818,24.9831
ACDC,CT-CR,night,10,25.354,24.8194
ACDC,CT-CR,rain,1,37.7759,44.2071
ACDC,CT-CR,rain,2,41.6996,46.8366
ACDC,CT-CR,rain,3,42.975,48.0408
ACDC,CT-CR,rain,4,43.1835,48.583
ACDC,CT-CR,rain,5,43.3149,49.059
ACDC,CT-CR,rain,6,42.8665,49.0866
ACDC,CT-CR,rain,7,43.5634,48.9968
ACDC,CT-CR,rain,8,44.611,49.0556
ACDC,CT-CR,rain,9,44.2724,49.0983
ACDC,CT-CR,rain,10,44.8146,48.8901
ACDC,CT-CR,snow,1,42.8746,41.0119
ACDC,CT-CR,snow,2,46.947,43.3545
ACDC,CT-CR,snow,3,48.8186,44.7053
ACDC,CT-CR,snow,4,49.8925,45.0129
ACDC,CT-CR,snow,5,50.4944,45.3491
ACDC,CT-CR,snow,6,49.8341,45.3662
ACDC,CT-CR,snow,7,50.4949,45.2713
ACDC,CT-CR,snow,8,50.2196,45.1393
ACDC,CT-CR,snow,9,50.562,45.1091
ACDC,CT-CR,snow,10,50.5541,45.1322
CSC,+CTPV,brightness,1,29.5955,39.7699
CSC,+CTPV,brightness,2,37.7998,42.3562
CSC,+CTPV,brightness,3,39.7434,42.4666
CSC,+CTPV,brightness,4,40.8895,42.4065
CSC,+CTPV,brightness,5,40.5397,42.3672
CSC,+CTPV,brightness,6,40.0193,41.4286
CSC,+CTPV,brightness,7,39.7159,40.4188
CSC,+CTPV,brightness,8,37.8956,39.5748
CSC,+CTPV,brightness,9,37.1696,38.7581
CSC,+CTPV,brightness,10,36.1594,37.7793
CSC,+CTPV,defocus_blur,1,10.3981,30.9725
CSC,+CTPV,defocus_blur,2,14.0836,33.3426
CSC,+CTPV,defocus_blur,3,16.2212,33.6159
CSC,+CTPV,defocus_blur,4,17.7512,33.8021
CSC,+CTPV,defocus_blur,5,18.0147,33.5683
CSC,+CTPV,defocus_blur,6,19.5997,33.3497
CSC,+CTPV,defocus_blur,7,19.2725,32.7567
CSC,+CTPV,defocus_blur,8,19.5475,32.1647
CSC,+CTPV,defocus_blur,9,18.9736,31.4854
CSC,+CTPV,defocus_blur,10,18.2708,30.6911
CSC,+CTPV,fog,1,39.239,42.4746
CSC,+CTPV,fog,2,45.1632,44.7194
CSC,+CTPV,fog,3,44.7484,42.8974
CSC,+CTPV,fog,4,43.5569,41.002
CSC,+CTPV,fog,5,43.6413,39.2369
CSC,+CTPV,fog,6,42.9331,37.3281
CSC,+CTPV,fog,7,42.1216,35.9622
CSC,+CTPV,fog,8,41.0902,34.8183
CSC,+CTPV,fog,9,39.7441,33.4591
CSC,+CTPV,fog,10,39.1692,32.4115
CSC,+CTPV,motion_blur,1,12.3696,35.7501
CSC,+CTPV,motion_blur,2,16.0028,38.024
CSC,+CTPV,motion_blur,3,17.4455,37.8406
CSC,+CTPV,motion_blur,4,18.1319,37.124
CSC,+CTPV,motion_blur,5,17.9344,36.6999
CSC,+CTPV,motion_blur,6,18.398,35.9688
CSC,+CTPV,motion_blur,7,18.2398,35.3972
CSC,+CTPV,motion_blur,8,18.8243,34.8837
CSC,+CTPV,motion_blur,9,17.667,34.2261
CSC,+CTPV,motion_blur,10,17.3486,33.4753
CSC,+CTPV,snow,1,0.2475,10.44
CSC,+CTPV,snow,2,0.4628,10.7684
CSC,+CTPV,snow,3,0.858,11.3808
CSC,+CTPV,snow,4,1.55,12.0798
CSC,+CTPV,snow,5,2.0315,12.5129
CSC,+CTPV,snow,6,3.2328,13.2027
CSC,+CTPV,snow,7,3.3954,13.0969
CSC,+CTPV,snow,8,4.0915,13.5371
CSC,+CTPV,snow,9,4.8499,13.6532
CSC,+CTPV,snow,10,5.1503,13.766
CSC,Base,brightness,1,29.1262,38.2165
CSC,Base,brightness,2,34.3656,41.1076
CSC,Base,brightness,3,38.9111,42.987
CSC,Base,brightness,4,41.0147,43.7173
CSC,Base,brightness,5,43.1009,44.3329
CSC,Base,brightness,6,43.4934,44.52
CSC,Base,brightness,7,44.6294,44.6691
CSC,Base,brightness,8,45.2164,44.5129
CSC,Base,brightness,9,46.3639,44.3251
CSC,Base,brightness,10,46.4458,44.1333
CSC,Base,defocus_blur,1,9.4127,29.8719
CSC,Base,defocus_blur,2,11.7202,32.2758
CSC,Base,defocus_blur,3,15.0728,33.1377
CSC,Base,defocus_blur,4,16.9328,34.4548
CSC,Base,defocus_blur,5,19.7498,35.7045
CSC,Base,defocus_blur,6,20.9485,36.1372
CSC,Base,defocus_blur,7,22.3814,35.9985
CSC,Base,defocus_blur,8,22.9563,35.9693
CSC,Base,defocus_blur,9,23.2388,35.3578
CSC,Base,defocus_blur,10,25.3086,35.0105
CSC,Base,fog,1,39.4218,42.3621
CSC,Base,fog,2,45.618,43.8723
CSC,Base,fog,3,46.1527,43.8855
CSC,Base,fog,4,46.9792,43.6318
CSC,Base,fog,5,48.5321,43.2371
CSC,Base,fog,6,49.2103,42.3455
CSC,Base,fog,7,48.67,41.423
CSC,Base,fog,8,48.958,40.5607
CSC,Base,fog,9,49.4951,39.7637
CSC,Base,fog,10,49.5562,39.1545
CSC,Base,motion_blur,1,12.0331,35.0009
CSC,Base,motion_blur,2,15.1773,36.9898
CSC,Base,motion_blur,3,17.8127,38.3914
CSC,Base,motion_blur,4,17.8702,38.6223
CSC,Base,motion_blur,5,19.1751,38.8545
CSC,Base,motion_blur,6,19.3492,38.6945
CSC,Base,motion_blur,7,20.0344,38.8565
CSC,Base,motion_blur,8,20.435,38.3083
CSC,Base,motion_blur,9,20.8582,37.9872
CSC,Base,motion_blur,10,20.8391,37.4311
CSC,Base,snow,1,0.2475,10.2493
CSC,Base,snow,2,0.2475,10.3054
CSC,Base,snow,3,0.4505,10.4977
CSC,Base,snow,4,0.6015,10.6852
CSC,Base,snow,5,0.9372,10.8444
CSC,Base,snow,6,1.204,10.8747
CSC,Base,snow,7,1.5769,11.0199
CSC,Base,snow,8,1.8689,11.1322
CSC,Base,snow,9,1.9384,11.0207
CSC,Base,snow,10,1.9489,10.9313
CSC,CT-CL,brightness,1,29.3352,39.2717
CSC,CT-CL,brightness,2,36.6622,42.6529
CSC,CT-CL,brightness,3,41.0541,44.8257
CSC,CT-CL,brightness,4,41.4985,45.0452
CSC,CT-CL,brightness,5,42.5544,45.2888
CSC,CT-CL,brightness,6,41.9721,45.0915
CSC,CT-CL,brightness,7,42.2839,44.4895
CSC,CT-CL,brightness,8,42.7003,44.1586
CSC,CT-CL,brightness,9,42.5287,43.1378
CSC,CT-CL,brightness,10,41.4601,42.8801
CSC,CT-CL,defocus_blur,1,9.6789,30.3957
CSC,CT-CL,defocus_blur,2,13.2683,33.2585
CSC,CT-CL,defocus_blur,3,15.6468,34.6161
CSC,CT-CL,defocus_blur,4,18.2994,35.8128
CSC,CT-CL,defocus_blur,5,19.8827,36.0758
CSC,CT-CL,defocus_blur,6,21.381,36.3109
CSC,CT-CL,defocus_blur,7,22.1555,36.3767
CSC,CT-CL,defocus_blur,8,23.5373,36.1446
CSC,CT-CL,defocus_blur,9,23.1877,35.7748
CSC,CT-CL,defocus_blur,10,22.5903,35.2127
CSC,CT-CL,fog,1,39.0917,42.4279
CSC,CT-CL,fog,2,44.1176,43.7199
CSC,CT-CL,fog,3,44.9288,44.0271
CSC,CT-CL,fog,4,45.1883,43.5192
CSC,CT-CL,fog,5,46.7111,42.8044
CSC,CT-CL,fog,6,46.7086,41.6321
CSC,CT-CL,fog,7,46.0068,40.2376
CSC,CT-CL,fog,8,45.7542,39.4168
CSC,CT-CL,fog,9,45.8916,38.5398
CSC,CT-CL,fog,10,46.2073,37.7747
CSC,CT-CL,motion_blur,1,11.7029,35.0504
CSC,CT-CL,motion_blur,2,14.7714,36.8274
CSC,CT-CL,motion_blur,3,17.4148,37.9341
CSC,CT-CL,motion_blur,4,19.1566,38.3636
CSC,CT-CL,motion_blur,5,20.3165,38.4103
CSC,CT-CL,motion_blur,6,19.808,38.1606
CSC,CT-CL,motion_blur,7,20.1457,37.9671
CSC,CT-CL,motion_blur,8,20.3508,37.708
CSC,CT-CL,motion_blur,9,20.4823,37.2952
CSC,CT-CL,motion_blur,10,21.0048,36.8456
CSC,CT-CL,snow,1,0.2475,10.2121
CSC,CT-CL,snow,2,0.3257,10.1211
CSC,CT-CL,snow,3,0.5111,10.2652
CSC,CT-CL,snow,4,0.993,10.5011
CSC,CT-CL,snow,5,1.5706,10.6474
CSC,CT-CL,snow,6,1.8009,10.7648
CSC,CT-CL,snow,7,2.1136,10.7926
CSC,CT-CL,snow,8,2.3765,10.9063
CSC,CT-CL,snow,9,2.5681,10.9454
CSC,CT-CL,snow,10,2.7867,11.037
CSC,CT-CL+CT-CR,brightness,1,31.7543,40.6032
CSC,CT-CL+CT-CR,brightness,2,38.2335,43.2432
CSC,CT-CL+CT-CR,brightness,3,40.5799,43.6383
CSC,CT-CL+CT-CR,brightness,4,42.9429,43.1632
CSC,CT-CL+CT-CR,brightness,5,42.223,42.7261
CSC,CT-CL+CT-CR,brightness,6,41.6016,41.5223
CSC,CT-CL+CT-CR,brightness,7,41.3134,40.6899
CSC,CT-CL+CT-CR,brightness,8,40.6453,39.7954
CSC,CT-CL+CT-CR,brightness,9,40.3888,38.6134
CSC,CT-CL+CT-CR,brightness,10,38.2807,38.0715
CSC,CT-CL+CT-CR,defocus_blur,1,10.4509,30.3878
CSC,CT-CL+CT-CR,defocus_blur,2,14.4865,33.3609
CSC,CT-CL+CT-CR,defocus_blur,3,16.6073,34.5832
CSC,CT-CL+CT-CR,defocus_blur,4,18.45,34.8423
CSC,CT-CL+CT-CR,defocus_blur,5,19.0562,34.2632
CSC,CT-CL+CT-CR,defocus_blur,6,19.3181,33.6831
CSC,CT-CL+CT-CR,defocus_blur,7,19.5015,33.0205
CSC,CT-CL+CT-CR,defocus_blur,8,19.3177,32.7387
CSC,CT-CL+CT-CR,defocus_blur,9,18.9098,31.6562
CSC,CT-CL+CT-CR,defocus_blur,10,18.6577,30.9692
CSC,CT-CL+CT-CR,fog,1,39.1688,42.5223
CSC,CT-CL+CT-CR,fog,2,43.9271,43.6365
CSC,CT-CL+CT-CR,fog,3,44.7999,42.9477
CSC,CT-CL+CT-CR,fog,4,45.3839,41.0034
CSC,CT-CL+CT-CR,fog,5,43.9154,38.9053
CSC,CT-CL+CT-CR,fog,6,43.2444,37.0019
CSC,CT-CL+CT-CR,fog,7,42.4731,35.6111
CSC,CT-CL+CT-CR,fog,8,42.2034,34.459
CSC,CT-CL+CT-CR,fog,9,40.7905,33.5322
CSC,CT-CL+CT-CR,fog,10,40.2637,32.5496
CSC,CT-CL+CT-CR,motion_blur,1,12.249,35.4383
CSC,CT-CL+CT-CR,motion_blur,2,15.5518,37.324
CSC,CT-CL+CT-CR,motion_blur,3,17.0837,37.7455
CSC,CT-CL+CT-CR,motion_blur,4,18.6924,37.5854
CSC,CT-CL+CT-CR,motion_blur,5,17.9952,37.065
CSC,CT-CL+CT-CR,motion_blur,6,18.6952,36.4597
CSC,CT-CL+CT-CR,motion_blur,7,18.5526,35.7938
CSC,CT-CL+CT-CR,motion_blur,8,18.8079,35.1793
CSC,CT-CL+CT-CR,motion_blur,9,18.75,34.6848
CSC,CT-CL+CT-CR,motion_blur,10,18.7411,33.8171
CSC,CT-CL+CT-CR,snow,1,0.2475,10.4101
CSC,CT-CL+CT-CR,snow,2,0.3992,10.5208
CSC,CT-CL+CT-CR,snow,3,0.8156,11.092
CSC,CT-CL+CT-CR,snow,4,1.6137,11.8169
CSC,CT-CL+CT-CR,snow,5,2.0175,12.2906
CSC,CT-CL+CT-CR,snow,6,2.9373,12.9481
CSC,CT-CL+CT-CR,snow,7,3.7767,13.2224
CSC,CT-CL+CT-CR,snow,8,4.5767,13.6752
CSC,CT-CL+CT-CR,snow,9,4.8616,13.8707
CSC,CT-CL+CT-CR,snow,10,5.1134,13.9719
CSC,CT-CR,brightness,1,30.9124,39.5098
CSC,CT-CR,brightness,2,39.032,42.5948
CSC,CT-CR,brightness,3,42.965,43.7698
CSC,CT-CR,brightness,4,44.5512,44.0429
CSC,CT-CR,brightness,5,46.1316,44.2508
CSC,CT-CR,brightness,6,46.0146,43.686
CSC,CT-CR,brightness,7,46.6162,43.0834
CSC,CT-CR,brightness,8,46.653,42.5012
CSC,CT-CR,brightness,9,47.4682,41.6214
CSC,CT-CR,brightness,10,46.7837,41.0781
CSC,CT-CR,defocus_blur,1,12.2433,32.0121
CSC,CT-CR,defocus_blur,2,16.8529,34.3756
CSC,CT-CR,defocus_blur,3,20.0894,34.9367
CSC,CT-CR,defocus_blur,4,22.0365,34.7988
CSC,CT-CR,defocus_blur,5,22.9946,34.5683
CSC,CT-CR,defocus_blur,6,23.8563,34.3496
CSC,CT-CR,defocus_blur,7,24.8654,33.7145
CSC,CT-CR,defocus_blur,8,24.7137,33.0801
CSC,CT-CR,defocus_blur,9,23.9221,32.1072
CSC,CT-CR,defocus_blur,10,23.9447,31.6057
CSC,CT-CR,fog,1,39.1625,42.4289
CSC,CT-CR,fog,2,46.514,44.6898
CSC,CT-CR,fog,3,48.746,44.5356
CSC,CT-CR,fog,4,48.6799,42.8191
CSC,CT-CR,fog,5,48.2925,41.0442
CSC,CT-CR,fog,6,48.7693,39.4384
CSC,CT-CR,fog,7,48.1537,38.1889
CSC,CT-CR,fog,8,47.695,36.7657
CSC,CT-CR,fog,9,47.127,35.7051
CSC,CT-CR,fog,10,47.5586,34.8234
CSC,CT-CR,motion_blur,1,12.5148,35.6179
CSC,CT-CR,motion_blur,2,17.1205,38.3956
CSC,CT-CR,motion_blur,3,19.1296,38.9548
CSC,CT-CR,motion_blur,4,20.5964,38.3998
CSC,CT-CR,motion_blur,5,21.068,37.6737
CSC,CT-CR,motion_blur,6,21.8687,37.1177
CSC,CT-CR,motion_blur,7,22.4017,36.5177
CSC,CT-CR,motion_blur,8,23.5286,35.6671
CSC,CT-CR,motion_blur,9,23.0575,35.1159
CSC,CT-CR,motion_blur,10,23.2776,34.4918
CSC,CT-CR,snow,1,0.2475,10.4169
CSC,CT-CR,snow,2,0.3529,10.6983
CSC,CT-CR,snow,3,0.794,11.2343
CSC,CT-CR,snow,4,1.5978,11.761
CSC,CT-CR,snow,5,2.4141,12.4558
CSC,CT-CR,snow,6,3.1747,13.0433
CSC,CT-CR,snow,7,3.6201,13.4177
CSC,CT-CR,snow,8,4.1955,13.8308
CSC,CT-CR,snow,9,4.4602,13.9471
CSC,CT-CR,snow,10,5.2067,14.3431
