dataset,variant,round,AP50,mIoU
ACDC,+CTPV,1,38.428975,37.94795
ACDC,+CTPV,2,42.4353,40.989675
ACDC,+CTPV,3,43.682775,42.10545
ACDC,+CTPV,4,44.3086,42.07895
ACDC,+CTPV,5,44.486175,42.487725
ACDC,+CTPV,6,44.381,42.60215
ACDC,+CTPV,7,44.25765,42.298225
ACDC,+CTPV,8,43.802925,42.068375
ACDC,+CTPV,9,43.28615,41.8326
ACDC,+CTPV,10,42.786024999999995,41.415075
ACDC,Base,1,36.91245,37.0681
ACDC,Base,2,39.258725,38.9354
ACDC,Base,3,41.340025000000004,40.1335
ACDC,Base,4,42.3891,40.945975
ACDC,Base,5,43.047399999999996,41.732749999999996
ACDC,Base,6,43.516325,42.234224999999995
ACDC,Base,7,44.215375,42.547425
ACDC,Base,8,44.130700000000004,42.90445
ACDC,Base,9,44.49475,43.154225
ACDC,Base,10,44.6442,43.299949999999995
ACDC,CT-CL,1,37.49345,37.471424999999996
ACDC,CT-CL,2,40.469325,39.849575
ACDC,CT-CL,3,42.319175,41.1079
ACDC,CT-CL,4,42.6849,41.882
ACDC,CT-CL,5,43.656225,42.62805
ACDC,CT-CL,6,44.411125,43.003375
ACDC,CT-CL,7,44.551249999999996,43.118575
ACDC,CT-CL,8,44.55055,43.3716
ACDC,CT-CL,9,44.51515,43.5093
ACDC,CT-CL,10,44.547625,43.551975
ACDC,CT-CL+CT-CR,1,38.707525000000004,38.12455
ACDC,CT-CL+CT-CR,2,42.37915,40.965599999999995
ACDC,CT-CL+CT-CR,3,43.4964,42.133425
ACDC,CT-CL+CT-CR,4,44.125025,42.641575
ACDC,CT-CL+CT-CR,5,45.036474999999996,42.91265
ACDC,CT-CL+CT-CR,6,44.942099999999996,42.782125
ACDC,CT-CL+CT-CR,7,44.811,42.509425
ACDC,CT-CL+CT-CR,8,44.901575,42.49795
ACDC,CT-CL+CT-CR,9,44.918075,42.33355
ACDC,CT-CL+CT-CR,10,44.8585,42.058725
ACDC,CT-CR,1,38.095275,37.833325
ACDC,CT-CR,2,42.206325,40.57305
ACDC,CT-CR,3,43.448575000000005,41.85155
ACDC,CT-CR,4,44.25595,42.318574999999996
ACDC,CT-CR,5,44.906625,42.657624999999996
ACDC,CT-CR,6,44.875125,42.8728
ACDC,CT-CR,7,44.938100000000006,42.7479
ACDC,CT-CR,8,45.32935,42.6313
ACDC,CT-CR,9,45.328149999999994,42.447900000000004
ACDC,CT-CR,10,45.423874999999995,42.235675
CSC,+CTPV,1,18.36994,31.881420000000002
CSC,+CTPV,2,22.702440000000003,33.84212
CSC,+CTPV,3,23.8033,33.64026
CSC,+CTPV,4,24.375899999999998,33.28288
CSC,+CTPV,5,24.43232,32.87704
CSC,+CTPV,6,24.83658,32.255579999999995
CSC,+CTPV,7,24.549039999999998,31.52636
CSC,+CTPV,8,24.28982,30.99572
CSC,+CTPV,9,23.68084,30.31638
CSC,+CTPV,10,23.219659999999998,29.62464
CSC,Base,1,18.04826,31.140140000000002
CSC,Base,2,21.425720000000002,32.910180000000004
CSC,Base,3,23.67996,33.77986
CSC,Base,4,24.679679999999998,34.22228
CSC,Base,5,26.299020000000002,34.59468
CSC,Base,6,26.841079999999998,34.51438
CSC,Base,7,27.45842,34.3934
CSC,Base,8,27.886919999999996,34.09668
CSC,Base,9,28.37888,33.6909
CSC,Base,10,28.819719999999997,33.332139999999995
CSC,CT-CL,1,18.01124,31.47156
CSC,CT-CL,2,21.82904,33.315960000000004
CSC,CT-CL,3,23.91112,34.33364
CSC,CT-CL,4,25.02716,34.648379999999996
CSC,CT-CL,5,26.207060000000002,34.64534
CSC,CT-CL,6,26.334119999999995,34.391980000000004
CSC,CT-CL,7,26.5411,33.972699999999996
CSC,CT-CL,8,26.94382,33.66686
CSC,CT-CL,9,26.93168,33.1386
CSC,CT-CL,10,26.809839999999998,32.75002
CSC,CT-CL+CT-CR,1,18.774099999999997,31.872339999999998
CSC,CT-CL+CT-CR,2,22.51962,33.61708
CSC,CT-CL+CT-CR,3,23.97728,34.00134
CSC,CT-CL+CT-CR,4,25.41658,33.68224
CSC,CT-CL+CT-CR,5,25.04146,33.05004
CSC,CT-CL+CT-CR,6,25.15932,32.32302
CSC,CT-CL+CT-CR,7,25.12346,31.667539999999995
CSC,CT-CL+CT-CR,8,25.1102,31.16952
CSC,CT-CL+CT-CR,9,24.740140000000004,30.47146
CSC,CT-CL+CT-CR,10,24.21132,29.87586
CSC,CT-CR,1,19.0161,31.997119999999995
CSC,CT-CR,2,23.97446,34.150819999999996
CSC,CT-CR,3,26.344800000000003,34.68624
CSC,CT-CR,4,27.49236,34.36432
CSC,CT-CR,5,28.18016,33.99856
CSC,CT-CR,6,28.736720000000002,33.527
CSC,CT-CR,7,29.131420000000002,32.98443999999999
CSC,CT-CR,8,29.35716,32.36898
CSC,CT-CR,9,29.207000000000004,31.69934
CSC,CT-CR,10,29.35426,31.26842
