run,dataset,variant,eval,round,domain,AP50,mIoU
newsrc_base_acdcLT_s0,ACDC,Base,1,1,fog,54.5485,44.3204
newsrc_base_acdcLT_s0,ACDC,Base,2,1,night,16.2343,20.8436
newsrc_base_acdcLT_s0,ACDC,Base,3,1,rain,36.7261,43.1187
newsrc_base_acdcLT_s0,ACDC,Base,4,1,snow,40.1409,39.9897
newsrc_base_acdcLT_s0,ACDC,Base,5,2,fog,57.4727,47.3634
newsrc_base_acdcLT_s0,ACDC,Base,6,2,night,18.8087,21.9405
newsrc_base_acdcLT_s0,ACDC,Base,7,2,rain,38.6019,44.693
newsrc_base_acdcLT_s0,ACDC,Base,8,2,snow,42.1516,41.7447
newsrc_base_acdcLT_s0,ACDC,Base,9,3,fog,58.6312,48.8354
newsrc_base_acdcLT_s0,ACDC,Base,10,3,night,20.5119,22.9137
newsrc_base_acdcLT_s0,ACDC,Base,11,3,rain,41.2458,45.8054
newsrc_base_acdcLT_s0,ACDC,Base,12,3,snow,44.9712,42.9795
newsrc_base_acdcLT_s0,ACDC,Base,13,4,fog,59.4538,50.0177
newsrc_base_acdcLT_s0,ACDC,Base,14,4,night,21.9995,23.3815
newsrc_base_acdcLT_s0,ACDC,Base,15,4,rain,42.4572,46.6435
newsrc_base_acdcLT_s0,ACDC,Base,16,4,snow,45.6459,43.7412
newsrc_base_acdcLT_s0,ACDC,Base,17,5,fog,59.7722,50.9053
newsrc_base_acdcLT_s0,ACDC,Base,18,5,night,22.8655,23.9813
newsrc_base_acdcLT_s0,ACDC,Base,19,5,rain,42.4415,47.3569
newsrc_base_acdcLT_s0,ACDC,Base,20,5,snow,47.1104,44.6875
newsrc_base_acdcLT_s0,ACDC,Base,21,6,fog,59.9554,51.4467
newsrc_base_acdcLT_s0,ACDC,Base,22,6,night,23.5134,24.3272
newsrc_base_acdcLT_s0,ACDC,Base,23,6,rain,43.3858,48.1712
newsrc_base_acdcLT_s0,ACDC,Base,24,6,snow,47.2107,44.9918
newsrc_base_acdcLT_s0,ACDC,Base,25,7,fog,61.0047,51.7542
newsrc_base_acdcLT_s0,ACDC,Base,26,7,night,24.2674,24.5502
newsrc_base_acdcLT_s0,ACDC,Base,27,7,rain,43.6864,48.5301
newsrc_base_acdcLT_s0,ACDC,Base,28,7,snow,47.903,45.3552
newsrc_base_acdcLT_s0,ACDC,Base,29,8,fog,60.6278,52.0621
newsrc_base_acdcLT_s0,ACDC,Base,30,8,night,24.2381,24.7142
newsrc_base_acdcLT_s0,ACDC,Base,31,8,rain,43.7421,48.9546
newsrc_base_acdcLT_s0,ACDC,Base,32,8,snow,47.9148,45.8869
newsrc_base_acdcLT_s0,ACDC,Base,33,9,fog,60.8757,52.3407
newsrc_base_acdcLT_s0,ACDC,Base,34,9,night,24.61,24.8548
newsrc_base_acdcLT_s0,ACDC,Base,35,9,rain,44.3926,49.2066
newsrc_base_acdcLT_s0,ACDC,Base,36,9,snow,48.1007,46.2148
newsrc_base_acdcLT_s0,ACDC,Base,37,10,fog,60.5142,52.4208
newsrc_base_acdcLT_s0,ACDC,Base,38,10,night,25.0839,24.8855
newsrc_base_acdcLT_s0,ACDC,Base,39,10,rain,44.3822,49.4124
newsrc_base_acdcLT_s0,ACDC,Base,40,10,snow,48.5965,46.4811
newsrc_ctcl_acdcLT_s0,ACDC,CT-CL,1,1,fog,55.0743,44.7521
newsrc_ctcl_acdcLT_s0,ACDC,CT-CL,2,1,night,16.4427,20.864
newsrc_ctcl_acdcLT_s0,ACDC,CT-CL,3,1,rain,37.406,43.6993
newsrc_ctcl_acdcLT_s0,ACDC,CT-CL,4,1,snow,41.0508,40.5703
newsrc_ctcl_acdcLT_s0,ACDC,CT-CL,5,2,fog,59.697,48.4991
newsrc_ctcl_acdcLT_s0,ACDC,CT-CL,6,2,night,19.3157,22.5143
newsrc_ctcl_acdcLT_s0,ACDC,CT-CL,7,2,rain,39.1591,45.6749
newsrc_ctcl_acdcLT_s0,ACDC,CT-CL,8,2,snow,43.7055,42.71
newsrc_ctcl_acdcLT_s0,ACDC,CT-CL,9,3,fog,60.6838,49.9233
newsrc_ctcl_acdcLT_s0,ACDC,CT-CL,10,3,night,21.3633,23.4459
newsrc_ctcl_acdcLT_s0,ACDC,CT-CL,11,3,rain,40.9679,46.7397
newsrc_ctcl_acdcLT_s0,ACDC,CT-CL,12,3,snow,46.2617,44.3227
newsrc_ctcl_acdcLT_s0,ACDC,CT-CL,13,4,fog,60.3729,50.9554
newsrc_ctcl_acdcLT_s0,ACDC,CT-CL,14,4,night,22.3914,23.8845
newsrc_ctcl_acdcLT_s0,ACDC,CT-CL,15,4,rain,41.272,47.55
newsrc_ctcl_acdcLT_s0,ACDC,CT-CL,16,4,snow,46.7033,45.1381
newsrc_ctcl_acdcLT_s0,ACDC,CT-CL,17,5,fog,60.6702,51.6047
newsrc_ctcl_acdcLT_s0,ACDC,CT-CL,18,5,night,23.5896,24.564
newsrc_ctcl_acdcLT_s0,ACDC,CT-CL,19,5,rain,42.6215,48.272
newsrc_ctcl_acdcLT_s0,ACDC,CT-CL,20,5,snow,47.7436,46.0715
newsrc_ctcl_acdcLT_s0,ACDC,CT-CL,21,6,fog,60.5279,52.0213
newsrc_ctcl_acdcLT_s0,ACDC,CT-CL,22,6,night,24.6131,24.8406
newsrc_ctcl_acdcLT_s0,ACDC,CT-CL,23,6,rain,43.7781,48.7726
newsrc_ctcl_acdcLT_s0,ACDC,CT-CL,24,6,snow,48.7254,46.379
newsrc_ctcl_acdcLT_s0,ACDC,CT-CL,25,7,fog,60.0181,52.0408
newsrc_ctcl_acdcLT_s0,ACDC,CT-CL,26,7,night,24.7095,24.8846
newsrc_ctcl_acdcLT_s0,ACDC,CT-CL,27,7,rain,44.2839,49.1231
newsrc_ctcl_acdcLT_s0,ACDC,CT-CL,28,7,snow,49.1935,46.4258
newsrc_ctcl_acdcLT_s0,ACDC,CT-CL,29,8,fog,60.1303,52.3273
newsrc_ctcl_acdcLT_s0,ACDC,CT-CL,30,8,night,24.8279,25.0323
newsrc_ctcl_acdcLT_s0,ACDC,CT-CL,31,8,rain,44.6235,49.3773
newsrc_ctcl_acdcLT_s0,ACDC,CT-CL,32,8,snow,48.6205,46.7495
newsrc_ctcl_acdcLT_s0,ACDC,CT-CL,33,9,fog,59.9047,52.5846
newsrc_ctcl_acdcLT_s0,ACDC,CT-CL,34,9,night,25.0838,25.0901
newsrc_ctcl_acdcLT_s0,ACDC,CT-CL,35,9,rain,43.97,49.5264
newsrc_ctcl_acdcLT_s0,ACDC,CT-CL,36,9,snow,49.1021,46.8361
newsrc_ctcl_acdcLT_s0,ACDC,CT-CL,37,10,fog,59.8306,52.4661
newsrc_ctcl_acdcLT_s0,ACDC,CT-CL,38,10,night,25.4141,25.0135
newsrc_ctcl_acdcLT_s0,ACDC,CT-CL,39,10,rain,43.9859,49.7513
newsrc_ctcl_acdcLT_s0,ACDC,CT-CL,40,10,snow,48.9599,46.977
newsrc_ctcr_acdcLT_s0,ACDC,CT-CR,1,1,fog,55.0373,45.0762
newsrc_ctcr_acdcLT_s0,ACDC,CT-CR,2,1,night,16.6933,21.0381
newsrc_ctcr_acdcLT_s0,ACDC,CT-CR,3,1,rain,37.7759,44.2071
newsrc_ctcr_acdcLT_s0,ACDC,CT-CR,4,1,snow,42.8746,41.0119
newsrc_ctcr_acdcLT_s0,ACDC,CT-CR,5,2,fog,59.9977,49.2013
newsrc_ctcr_acdcLT_s0,ACDC,CT-CR,6,2,night,20.181,22.8998
newsrc_ctcr_acdcLT_s0,ACDC,CT-CR,7,2,rain,41.6996,46.8366
newsrc_ctcr_acdcLT_s0,ACDC,CT-CR,8,2,snow,46.947,43.3545
newsrc_ctcr_acdcLT_s0,ACDC,CT-CR,9,3,fog,60.7204,50.7132
newsrc_ctcr_acdcLT_s0,ACDC,CT-CR,10,3,night,21.2803,23.9469
newsrc_ctcr_acdcLT_s0,ACDC,CT-CR,11,3,rain,42.975,48.0408
newsrc_ctcr_acdcLT_s0,ACDC,CT-CR,12,3,snow,48.8186,44.7053
newsrc_ctcr_acdcLT_s0,ACDC,CT-CR,13,4,fog,60.8265,51.1519
newsrc_ctcr_acdcLT_s0,ACDC,CT-CR,14,4,night,23.1213,24.5265
newsrc_ctcr_acdcLT_s0,ACDC,CT-CR,15,4,rain,43.1835,48.583
newsrc_ctcr_acdcLT_s0,ACDC,CT-CR,16,4,snow,49.8925,45.0129
newsrc_ctcr_acdcLT_s0,ACDC,CT-CR,17,5,fog,62.094,51.439
newsrc_ctcr_acdcLT_s0,ACDC,CT-CR,18,5,night,23.7232,24.7834
newsrc_ctcr_acdcLT_s0,ACDC,CT-CR,19,5,rain,43.3149,49.059
newsrc_ctcr_acdcLT_s0,ACDC,CT-CR,20,5,snow,50.4944,45.3491
newsrc_ctcr_acdcLT_s0,ACDC,CT-CR,21,6,fog,62.2118,51.8915
newsrc_ctcr_acdcLT_s0,ACDC,CT-CR,22,6,night,24.5881,25.1469
newsrc_ctcr_acdcLT_s0,ACDC,CT-CR,23,6,rain,42.8665,49.0866
newsrc_ctcr_acdcLT_s0,ACDC,CT-CR,24,6,snow,49.8341,45.3662
newsrc_ctcr_acdcLT_s0,ACDC,CT-CR,25,7,fog,61.5912,51.672
newsrc_ctcr_acdcLT_s0,ACDC,CT-CR,26,7,night,24.1029,25.0515
newsrc_ctcr_acdcLT_s0,ACDC,CT-CR,27,7,rain,43.5634,48.9968
newsrc_ctcr_acdcLT_s0,ACDC,CT-CR,28,7,snow,50.4949,45.2713
newsrc_ctcr_acdcLT_s0,ACDC,CT-CR,29,8,fog,61.3996,51.2424
newsrc_ctcr_acdcLT_s0,ACDC,CT-CR,30,8,night,25.0872,25.0879
newsrc_ctcr_acdcLT_s0,ACDC,CT-CR,31,8,rain,44.611,49.0556
newsrc_ctcr_acdcLT_s0,ACDC,CT-CR,32,8,snow,50.2196,45.1393
newsrc_ctcr_acdcLT_s0,ACDC,CT-CR,33,9,fog,61.1964,50.6011
newsrc_ctcr_acdcLT_s0,ACDC,CT-CR,34,9,night,25.2818,24.9831
newsrc_ctcr_acdcLT_s0,ACDC,CT-CR,35,9,rain,44.2724,49.0983
newsrc_ctcr_acdcLT_s0,ACDC,CT-CR,36,9,snow,50.562,45.1091
newsrc_ctcr_acdcLT_s0,ACDC,CT-CR,37,10,fog,60.9728,50.101
newsrc_ctcr_acdcLT_s0,ACDC,CT-CR,38,10,night,25.354,24.8194
newsrc_ctcr_acdcLT_s0,ACDC,CT-CR,39,10,rain,44.8146,48.8901
newsrc_ctcr_acdcLT_s0,ACDC,CT-CR,40,10,snow,50.5541,45.1322
newsrc_ctcl_ctcr_acdcLT_s0,ACDC,CT-CL+CT-CR,1,1,fog,55.5466,45.2915
newsrc_ctcl_ctcr_acdcLT_s0,ACDC,CT-CL+CT-CR,2,1,night,16.8832,21.118
newsrc_ctcl_ctcr_acdcLT_s0,ACDC,CT-CL+CT-CR,3,1,rain,39.0232,44.829
newsrc_ctcl_ctcr_acdcLT_s0,ACDC,CT-CL+CT-CR,4,1,snow,43.3771,41.2597
newsrc_ctcl_ctcr_acdcLT_s0,ACDC,CT-CL+CT-CR,5,2,fog,60.1153,49.7403
newsrc_ctcl_ctcr_acdcLT_s0,ACDC,CT-CL+CT-CR,6,2,night,20.2787,23.0626
newsrc_ctcl_ctcr_acdcLT_s0,ACDC,CT-CL+CT-CR,7,2,rain,41.6086,47.2346
newsrc_ctcl_ctcr_acdcLT_s0,ACDC,CT-CL+CT-CR,8,2,snow,47.514,43.8249
newsrc_ctcl_ctcr_acdcLT_s0,ACDC,CT-CL+CT-CR,9,3,fog,60.3633,50.9756
newsrc_ctcl_ctcr_acdcLT_s0,ACDC,CT-CL+CT-CR,10,3,night,22.0942,24.013
newsrc_ctcl_ctcr_acdcLT_s0,ACDC,CT-CL+CT-CR,11,3,rain,43.295,48.1729
newsrc_ctcl_ctcr_acdcLT_s0,ACDC,CT-CL+CT-CR,12,3,snow,48.2331,45.3722
newsrc_ctcl_ctcr_acdcLT_s0,ACDC,CT-CL+CT-CR,13,4,fog,59.9751,51.503
newsrc_ctcl_ctcr_acdcLT_s0,ACDC,CT-CL+CT-CR,14,4,night,22.9305,24.3492
newsrc_ctcl_ctcr_acdcLT_s0,ACDC,CT-CL+CT-CR,15,4,rain,43.99,48.956
newsrc_ctcl_ctcr_acdcLT_s0,ACDC,CT-CL+CT-CR,16,4,snow,49.6045,45.7581
newsrc_ctcl_ctcr_acdcLT_s0,ACDC,CT-CL+CT-CR,17,5,fog,60.6372,51.4487
newsrc_ctcl_ctcr_acdcLT_s0,ACDC,CT-CL+CT-CR,18,5,night,24.3183,25.062
newsrc_ctcl_ctcr_acdcLT_s0,ACDC,CT-CL+CT-CR,19,5,rain,45.2324,49.1563
newsrc_ctcl_ctcr_acdcLT_s0,ACDC,CT-CL+CT-CR,20,5,snow,49.958,45.9836
newsrc_ctcl_ctcr_acdcLT_s0,ACDC,CT-CL+CT-CR,21,6,fog,61.0437,51.1525
newsrc_ctcl_ctcr_acdcLT_s0,ACDC,CT-CL+CT-CR,22,6,night,24.7152,24.9884
newsrc_ctcl_ctcr_acdcLT_s0,ACDC,CT-CL+CT-CR,23,6,rain,43.7994,49.0906
newsrc_ctcl_ctcr_acdcLT_s0,ACDC,CT-CL+CT-CR,24,6,snow,50.2101,45.897
newsrc_ctcl_ctcr_acdcLT_s0,ACDC,CT-CL+CT-CR,25,7,fog,60.4673,51.0671
newsrc_ctcl_ctcr_acdcLT_s0,ACDC,CT-CL+CT-CR,26,7,night,24.6167,24.6615
newsrc_ctcl_ctcr_acdcLT_s0,ACDC,CT-CL+CT-CR,27,7,rain,44.3731,48.5849
newsrc_ctcl_ctcr_acdcLT_s0,ACDC,CT-CL+CT-CR,28,7,snow,49.7869,45.7242
newsrc_ctcl_ctcr_acdcLT_s0,ACDC,CT-CL+CT-CR,29,8,fog,60.1276,50.8999
newsrc_ctcl_ctcr_acdcLT_s0,ACDC,CT-CL+CT-CR,30,8,night,24.8186,24.7449
newsrc_ctcl_ctcr_acdcLT_s0,ACDC,CT-CL+CT-CR,31,8,rain,44.5728,48.5359
newsrc_ctcl_ctcr_acdcLT_s0,ACDC,CT-CL+CT-CR,32,8,snow,50.0873,45.8111
newsrc_ctcl_ctcr_acdcLT_s0,ACDC,CT-CL+CT-CR,33,9,fog,59.8335,50.6832
newsrc_ctcl_ctcr_acdcLT_s0,ACDC,CT-CL+CT-CR,34,9,night,25.0138,24.6385
newsrc_ctcl_ctcr_acdcLT_s0,ACDC,CT-CL+CT-CR,35,9,rain,44.6509,48.2157
newsrc_ctcl_ctcr_acdcLT_s0,ACDC,CT-CL+CT-CR,36,9,snow,50.1741,45.7968
newsrc_ctcl_ctcr_acdcLT_s0,ACDC,CT-CL+CT-CR,37,10,fog,59.1658,50.3853
newsrc_ctcl_ctcr_acdcLT_s0,ACDC,CT-CL+CT-CR,38,10,night,25.1307,24.3382
newsrc_ctcl_ctcr_acdcLT_s0,ACDC,CT-CL+CT-CR,39,10,rain,44.1576,47.8663
newsrc_ctcl_ctcr_acdcLT_s0,ACDC,CT-CL+CT-CR,40,10,snow,50.9799,45.6451
newsrc_ctcl_ctcr_ctpv_acdcLT_s0,ACDC,+CTPV,1,1,fog,55.3553,44.9294
newsrc_ctcl_ctcr_ctpv_acdcLT_s0,ACDC,+CTPV,2,1,night,16.7312,21.0399
newsrc_ctcl_ctcr_ctpv_acdcLT_s0,ACDC,+CTPV,3,1,rain,38.8137,44.5595
newsrc_ctcl_ctcr_ctpv_acdcLT_s0,ACDC,+CTPV,4,1,snow,42.8157,41.263
newsrc_ctcl_ctcr_ctpv_acdcLT_s0,ACDC,+CTPV,5,2,fog,59.4171,49.4742
newsrc_ctcl_ctcr_ctpv_acdcLT_s0,ACDC,+CTPV,6,2,night,20.2095,22.926
newsrc_ctcl_ctcr_ctpv_acdcLT_s0,ACDC,+CTPV,7,2,rain,42.6174,47.2676
newsrc_ctcl_ctcr_ctpv_acdcLT_s0,ACDC,+CTPV,8,2,snow,47.4972,44.2909
newsrc_ctcl_ctcr_ctpv_acdcLT_s0,ACDC,+CTPV,9,3,fog,60.5464,51.2221
newsrc_ctcl_ctcr_ctpv_acdcLT_s0,ACDC,+CTPV,10,3,night,21.7748,24.1122
newsrc_ctcl_ctcr_ctpv_acdcLT_s0,ACDC,+CTPV,11,3,rain,43.2494,47.8106
newsrc_ctcl_ctcr_ctpv_acdcLT_s0,ACDC,+CTPV,12,3,snow,49.1605,45.2769
newsrc_ctcl_ctcr_ctpv_acdcLT_s0,ACDC,+CTPV,13,4,fog,61.8134,51.2452
newsrc_ctcl_ctcr_ctpv_acdcLT_s0,ACDC,+CTPV,14,4,night,22.4744,23.685
newsrc_ctcl_ctcr_ctpv_acdcLT_s0,ACDC,+CTPV,15,4,rain,43.5921,47.788
newsrc_ctcl_ctcr_ctpv_acdcLT_s0,ACDC,+CTPV,16,4,snow,49.3545,45.5976
newsrc_ctcl_ctcr_ctpv_acdcLT_s0,ACDC,+CTPV,17,5,fog,60.5773,51.095
newsrc_ctcl_ctcr_ctpv_acdcLT_s0,ACDC,+CTPV,18,5,night,23.1838,24.3912
newsrc_ctcl_ctcr_ctpv_acdcLT_s0,ACDC,+CTPV,19,5,rain,44.2304,48.9877
newsrc_ctcl_ctcr_ctpv_acdcLT_s0,ACDC,+CTPV,20,5,snow,49.9532,45.477
newsrc_ctcl_ctcr_ctpv_acdcLT_s0,ACDC,+CTPV,21,6,fog,60.3286,51.109
newsrc_ctcl_ctcr_ctpv_acdcLT_s0,ACDC,+CTPV,22,6,night,23.6039,24.6874
newsrc_ctcl_ctcr_ctpv_acdcLT_s0,ACDC,+CTPV,23,6,rain,44.1079,48.9274
newsrc_ctcl_ctcr_ctpv_acdcLT_s0,ACDC,+CTPV,24,6,snow,49.4836,45.6848
newsrc_ctcl_ctcr_ctpv_acdcLT_s0,ACDC,+CTPV,25,7,fog,59.7251,50.8274
newsrc_ctcl_ctcr_ctpv_acdcLT_s0,ACDC,+CTPV,26,7,night,23.4863,24.2731
newsrc_ctcl_ctcr_ctpv_acdcLT_s0,ACDC,+CTPV,27,7,rain,43.988,48.2733
newsrc_ctcl_ctcr_ctpv_acdcLT_s0,ACDC,+CTPV,28,7,snow,49.8312,45.8191
newsrc_ctcl_ctcr_ctpv_acdcLT_s0,ACDC,+CTPV,29,8,fog,57.9602,50.2389
newsrc_ctcl_ctcr_ctpv_acdcLT_s0,ACDC,+CTPV,30,8,night,23.3918,24.262
newsrc_ctcl_ctcr_ctpv_acdcLT_s0,ACDC,+CTPV,31,8,rain,44.3706,48.0636
newsrc_ctcl_ctcr_ctpv_acdcLT_s0,ACDC,+CTPV,32,8,snow,49.4891,45.709
newsrc_ctcl_ctcr_ctpv_acdcLT_s0,ACDC,+CTPV,33,9,fog,56.9115,49.8935
newsrc_ctcl_ctcr_ctpv_acdcLT_s0,ACDC,+CTPV,34,9,night,23.3035,24.2513
newsrc_ctcl_ctcr_ctpv_acdcLT_s0,ACDC,+CTPV,35,9,rain,43.1895,47.5054
newsrc_ctcl_ctcr_ctpv_acdcLT_s0,ACDC,+CTPV,36,9,snow,49.7401,45.6802
newsrc_ctcl_ctcr_ctpv_acdcLT_s0,ACDC,+CTPV,37,10,fog,55.6582,49.4214
newsrc_ctcl_ctcr_ctpv_acdcLT_s0,ACDC,+CTPV,38,10,night,23.2598,23.7152
newsrc_ctcl_ctcr_ctpv_acdcLT_s0,ACDC,+CTPV,39,10,rain,42.7099,47.1078
newsrc_ctcl_ctcr_ctpv_acdcLT_s0,ACDC,+CTPV,40,10,snow,49.5162,45.4159
newsrc_base_cscLT_s0,CSC,Base,1,1,fog,39.4218,42.3621
newsrc_base_cscLT_s0,CSC,Base,2,1,motion_blur,12.0331,35.0009
newsrc_base_cscLT_s0,CSC,Base,3,1,snow,0.2475,10.2493
newsrc_base_cscLT_s0,CSC,Base,4,1,brightness,29.1262,38.2165
newsrc_base_cscLT_s0,CSC,Base,5,1,defocus_blur,9.4127,29.8719
newsrc_base_cscLT_s0,CSC,Base,6,2,fog,45.618,43.8723
newsrc_base_cscLT_s0,CSC,Base,7,2,motion_blur,15.1773,36.9898
newsrc_base_cscLT_s0,CSC,Base,8,2,snow,0.2475,10.3054
newsrc_base_cscLT_s0,CSC,Base,9,2,brightness,34.3656,41.1076
newsrc_base_cscLT_s0,CSC,Base,10,2,defocus_blur,11.7202,32.2758
newsrc_base_cscLT_s0,CSC,Base,11,3,fog,46.1527,43.8855
newsrc_base_cscLT_s0,CSC,Base,12,3,motion_blur,17.8127,38.3914
newsrc_base_cscLT_s0,CSC,Base,13,3,snow,0.4505,10.4977
newsrc_base_cscLT_s0,CSC,Base,14,3,brightness,38.9111,42.987
newsrc_base_cscLT_s0,CSC,Base,15,3,defocus_blur,15.0728,33.1377
newsrc_base_cscLT_s0,CSC,Base,16,4,fog,46.9792,43.6318
newsrc_base_cscLT_s0,CSC,Base,17,4,motion_blur,17.8702,38.6223
newsrc_base_cscLT_s0,CSC,Base,18,4,snow,0.6015,10.6852
newsrc_base_cscLT_s0,CSC,Base,19,4,brightness,41.0147,43.7173
newsrc_base_cscLT_s0,CSC,Base,20,4,defocus_blur,16.9328,34.4548
newsrc_base_cscLT_s0,CSC,Base,21,5,fog,48.5321,43.2371
newsrc_base_cscLT_s0,CSC,Base,22,5,motion_blur,19.1751,38.8545
newsrc_base_cscLT_s0,CSC,Base,23,5,snow,0.9372,10.8444
newsrc_base_cscLT_s0,CSC,Base,24,5,brightness,43.1009,44.3329
newsrc_base_cscLT_s0,CSC,Base,25,5,defocus_blur,19.7498,35.7045
newsrc_base_cscLT_s0,CSC,Base,26,6,fog,49.2103,42.3455
newsrc_base_cscLT_s0,CSC,Base,27,6,motion_blur,19.3492,38.6945
newsrc_base_cscLT_s0,CSC,Base,28,6,snow,1.204,10.8747
newsrc_base_cscLT_s0,CSC,Base,29,6,brightness,43.4934,44.52
newsrc_base_cscLT_s0,CSC,Base,30,6,defocus_blur,20.9485,36.1372
newsrc_base_cscLT_s0,CSC,Base,31,7,fog,48.67,41.423
newsrc_base_cscLT_s0,CSC,Base,32,7,motion_blur,20.0344,38.8565
newsrc_base_cscLT_s0,CSC,Base,33,7,snow,1.5769,11.0199
newsrc_base_cscLT_s0,CSC,Base,34,7,brightness,44.6294,44.6691
newsrc_base_cscLT_s0,CSC,Base,35,7,defocus_blur,22.3814,35.9985
newsrc_base_cscLT_s0,CSC,Base,36,8,fog,48.958,40.5607
newsrc_base_cscLT_s0,CSC,Base,37,8,motion_blur,20.435,38.3083
newsrc_base_cscLT_s0,CSC,Base,38,8,snow,1.8689,11.1322
newsrc_base_cscLT_s0,CSC,Base,39,8,brightness,45.2164,44.5129
newsrc_base_cscLT_s0,CSC,Base,40,8,defocus_blur,22.9563,35.9693
newsrc_base_cscLT_s0,CSC,Base,41,9,fog,49.4951,39.7637
newsrc_base_cscLT_s0,CSC,Base,42,9,motion_blur,20.8582,37.9872
newsrc_base_cscLT_s0,CSC,Base,43,9,snow,1.9384,11.0207
newsrc_base_cscLT_s0,CSC,Base,44,9,brightness,46.3639,44.3251
newsrc_base_cscLT_s0,CSC,Base,45,9,defocus_blur,23.2388,35.3578
newsrc_base_cscLT_s0,CSC,Base,46,10,fog,49.5562,39.1545
newsrc_base_cscLT_s0,CSC,Base,47,10,motion_blur,20.8391,37.4311
newsrc_base_cscLT_s0,CSC,Base,48,10,snow,1.9489,10.9313
newsrc_base_cscLT_s0,CSC,Base,49,10,brightness,46.4458,44.1333
newsrc_base_cscLT_s0,CSC,Base,50,10,defocus_blur,25.3086,35.0105
newsrc_ctcl_cscLT_s0,CSC,CT-CL,1,1,fog,39.0917,42.4279
newsrc_ctcl_cscLT_s0,CSC,CT-CL,2,1,motion_blur,11.7029,35.0504
newsrc_ctcl_cscLT_s0,CSC,CT-CL,3,1,snow,0.2475,10.2121
newsrc_ctcl_cscLT_s0,CSC,CT-CL,4,1,brightness,29.3352,39.2717
newsrc_ctcl_cscLT_s0,CSC,CT-CL,5,1,defocus_blur,9.6789,30.3957
newsrc_ctcl_cscLT_s0,CSC,CT-CL,6,2,fog,44.1176,43.7199
newsrc_ctcl_cscLT_s0,CSC,CT-CL,7,2,motion_blur,14.7714,36.8274
newsrc_ctcl_cscLT_s0,CSC,CT-CL,8,2,snow,0.3257,10.1211
newsrc_ctcl_cscLT_s0,CSC,CT-CL,9,2,brightness,36.6622,42.6529
newsrc_ctcl_cscLT_s0,CSC,CT-CL,10,2,defocus_blur,13.2683,33.2585
newsrc_ctcl_cscLT_s0,CSC,CT-CL,11,3,fog,44.9288,44.0271
newsrc_ctcl_cscLT_s0,CSC,CT-CL,12,3,motion_blur,17.4148,37.9341
newsrc_ctcl_cscLT_s0,CSC,CT-CL,13,3,snow,0.5111,10.2652
newsrc_ctcl_cscLT_s0,CSC,CT-CL,14,3,brightness,41.0541,44.8257
newsrc_ctcl_cscLT_s0,CSC,CT-CL,15,3,defocus_blur,15.6468,34.6161
newsrc_ctcl_cscLT_s0,CSC,CT-CL,16,4,fog,45.1883,43.5192
newsrc_ctcl_cscLT_s0,CSC,CT-CL,17,4,motion_blur,19.1566,38.3636
newsrc_ctcl_cscLT_s0,CSC,CT-CL,18,4,snow,0.993,10.5011
newsrc_ctcl_cscLT_s0,CSC,CT-CL,19,4,brightness,41.4985,45.0452
newsrc_ctcl_cscLT_s0,CSC,CT-CL,20,4,defocus_blur,18.2994,35.8128
newsrc_ctcl_cscLT_s0,CSC,CT-CL,21,5,fog,46.7111,42.8044
newsrc_ctcl_cscLT_s0,CSC,CT-CL,22,5,motion_blur,20.3165,38.4103
newsrc_ctcl_cscLT_s0,CSC,CT-CL,23,5,snow,1.5706,10.6474
newsrc_ctcl_cscLT_s0,CSC,CT-CL,24,5,brightness,42.5544,45.2888
newsrc_ctcl_cscLT_s0,CSC,CT-CL,25,5,defocus_blur,19.8827,36.0758
newsrc_ctcl_cscLT_s0,CSC,CT-CL,26,6,fog,46.7086,41.6321
newsrc_ctcl_cscLT_s0,CSC,CT-CL,27,6,motion_blur,19.808,38.1606
newsrc_ctcl_cscLT_s0,CSC,CT-CL,28,6,snow,1.8009,10.7648
newsrc_ctcl_cscLT_s0,CSC,CT-CL,29,6,brightness,41.9721,45.0915
newsrc_ctcl_cscLT_s0,CSC,CT-CL,30,6,defocus_blur,21.381,36.3109
newsrc_ctcl_cscLT_s0,CSC,CT-CL,31,7,fog,46.0068,40.2376
newsrc_ctcl_cscLT_s0,CSC,CT-CL,32,7,motion_blur,20.1457,37.9671
newsrc_ctcl_cscLT_s0,CSC,CT-CL,33,7,snow,2.1136,10.7926
newsrc_ctcl_cscLT_s0,CSC,CT-CL,34,7,brightness,42.2839,44.4895
newsrc_ctcl_cscLT_s0,CSC,CT-CL,35,7,defocus_blur,22.1555,36.3767
newsrc_ctcl_cscLT_s0,CSC,CT-CL,36,8,fog,45.7542,39.4168
newsrc_ctcl_cscLT_s0,CSC,CT-CL,37,8,motion_blur,20.3508,37.708
newsrc_ctcl_cscLT_s0,CSC,CT-CL,38,8,snow,2.3765,10.9063
newsrc_ctcl_cscLT_s0,CSC,CT-CL,39,8,brightness,42.7003,44.1586
newsrc_ctcl_cscLT_s0,CSC,CT-CL,40,8,defocus_blur,23.5373,36.1446
newsrc_ctcl_cscLT_s0,CSC,CT-CL,41,9,fog,45.8916,38.5398
newsrc_ctcl_cscLT_s0,CSC,CT-CL,42,9,motion_blur,20.4823,37.2952
newsrc_ctcl_cscLT_s0,CSC,CT-CL,43,9,snow,2.5681,10.9454
newsrc_ctcl_cscLT_s0,CSC,CT-CL,44,9,brightness,42.5287,43.1378
newsrc_ctcl_cscLT_s0,CSC,CT-CL,45,9,defocus_blur,23.1877,35.7748
newsrc_ctcl_cscLT_s0,CSC,CT-CL,46,10,fog,46.2073,37.7747
newsrc_ctcl_cscLT_s0,CSC,CT-CL,47,10,motion_blur,21.0048,36.8456
newsrc_ctcl_cscLT_s0,CSC,CT-CL,48,10,snow,2.7867,11.037
newsrc_ctcl_cscLT_s0,CSC,CT-CL,49,10,brightness,41.4601,42.8801
newsrc_ctcl_cscLT_s0,CSC,CT-CL,50,10,defocus_blur,22.5903,35.2127
newsrc_ctcr_cscLT_s0,CSC,CT-CR,1,1,fog,39.1625,42.4289
newsrc_ctcr_cscLT_s0,CSC,CT-CR,2,1,motion_blur,12.5148,35.6179
newsrc_ctcr_cscLT_s0,CSC,CT-CR,3,1,snow,0.2475,10.4169
newsrc_ctcr_cscLT_s0,CSC,CT-CR,4,1,brightness,30.9124,39.5098
newsrc_ctcr_cscLT_s0,CSC,CT-CR,5,1,defocus_blur,12.2433,32.0121
newsrc_ctcr_cscLT_s0,CSC,CT-CR,6,2,fog,46.514,44.6898
newsrc_ctcr_cscLT_s0,CSC,CT-CR,7,2,motion_blur,17.1205,38.3956
newsrc_ctcr_cscLT_s0,CSC,CT-CR,8,2,snow,0.3529,10.6983
newsrc_ctcr_cscLT_s0,CSC,CT-CR,9,2,brightness,39.032,42.5948
newsrc_ctcr_cscLT_s0,CSC,CT-CR,10,2,defocus_blur,16.8529,34.3756
newsrc_ctcr_cscLT_s0,CSC,CT-CR,11,3,fog,48.746,44.5356
newsrc_ctcr_cscLT_s0,CSC,CT-CR,12,3,motion_blur,19.1296,38.9548
newsrc_ctcr_cscLT_s0,CSC,CT-CR,13,3,snow,0.794,11.2343
newsrc_ctcr_cscLT_s0,CSC,CT-CR,14,3,brightness,42.965,43.7698
newsrc_ctcr_cscLT_s0,CSC,CT-CR,15,3,defocus_blur,20.0894,34.9367
newsrc_ctcr_cscLT_s0,CSC,CT-CR,16,4,fog,48.6799,42.8191
newsrc_ctcr_cscLT_s0,CSC,CT-CR,17,4,motion_blur,20.5964,38.3998
newsrc_ctcr_cscLT_s0,CSC,CT-CR,18,4,snow,1.5978,11.761
newsrc_ctcr_cscLT_s0,CSC,CT-CR,19,4,brightness,44.5512,44.0429
newsrc_ctcr_cscLT_s0,CSC,CT-CR,20,4,defocus_blur,22.0365,34.7988
newsrc_ctcr_cscLT_s0,CSC,CT-CR,21,5,fog,48.2925,41.0442
newsrc_ctcr_cscLT_s0,CSC,CT-CR,22,5,motion_blur,21.068,37.6737
newsrc_ctcr_cscLT_s0,CSC,CT-CR,23,5,snow,2.4141,12.4558
newsrc_ctcr_cscLT_s0,CSC,CT-CR,24,5,brightness,46.1316,44.2508
newsrc_ctcr_cscLT_s0,CSC,CT-CR,25,5,defocus_blur,22.9946,34.5683
newsrc_ctcr_cscLT_s0,CSC,CT-CR,26,6,fog,48.7693,39.4384
newsrc_ctcr_cscLT_s0,CSC,CT-CR,27,6,motion_blur,21.8687,37.1177
newsrc_ctcr_cscLT_s0,CSC,CT-CR,28,6,snow,3.1747,13.0433
newsrc_ctcr_cscLT_s0,CSC,CT-CR,29,6,brightness,46.0146,43.686
newsrc_ctcr_cscLT_s0,CSC,CT-CR,30,6,defocus_blur,23.8563,34.3496
newsrc_ctcr_cscLT_s0,CSC,CT-CR,31,7,fog,48.1537,38.1889
newsrc_ctcr_cscLT_s0,CSC,CT-CR,32,7,motion_blur,22.4017,36.5177
newsrc_ctcr_cscLT_s0,CSC,CT-CR,33,7,snow,3.6201,13.4177
newsrc_ctcr_cscLT_s0,CSC,CT-CR,34,7,brightness,46.6162,43.0834
newsrc_ctcr_cscLT_s0,CSC,CT-CR,35,7,defocus_blur,24.8654,33.7145
newsrc_ctcr_cscLT_s0,CSC,CT-CR,36,8,fog,47.695,36.7657
newsrc_ctcr_cscLT_s0,CSC,CT-CR,37,8,motion_blur,23.5286,35.6671
newsrc_ctcr_cscLT_s0,CSC,CT-CR,38,8,snow,4.1955,13.8308
newsrc_ctcr_cscLT_s0,CSC,CT-CR,39,8,brightness,46.653,42.5012
newsrc_ctcr_cscLT_s0,CSC,CT-CR,40,8,defocus_blur,24.7137,33.0801
newsrc_ctcr_cscLT_s0,CSC,CT-CR,41,9,fog,47.127,35.7051
newsrc_ctcr_cscLT_s0,CSC,CT-CR,42,9,motion_blur,23.0575,35.1159
newsrc_ctcr_cscLT_s0,CSC,CT-CR,43,9,snow,4.4602,13.9471
newsrc_ctcr_cscLT_s0,CSC,CT-CR,44,9,brightness,47.4682,41.6214
newsrc_ctcr_cscLT_s0,CSC,CT-CR,45,9,defocus_blur,23.9221,32.1072
newsrc_ctcr_cscLT_s0,CSC,CT-CR,46,10,fog,47.5586,34.8234
newsrc_ctcr_cscLT_s0,CSC,CT-CR,47,10,motion_blur,23.2776,34.4918
newsrc_ctcr_cscLT_s0,CSC,CT-CR,48,10,snow,5.2067,14.3431
newsrc_ctcr_cscLT_s0,CSC,CT-CR,49,10,brightness,46.7837,41.0781
newsrc_ctcr_cscLT_s0,CSC,CT-CR,50,10,defocus_blur,23.9447,31.6057
newsrc_ctcl_ctcr_cscLT_s0,CSC,CT-CL+CT-CR,1,1,fog,39.1688,42.5223
newsrc_ctcl_ctcr_cscLT_s0,CSC,CT-CL+CT-CR,2,1,motion_blur,12.249,35.4383
newsrc_ctcl_ctcr_cscLT_s0,CSC,CT-CL+CT-CR,3,1,snow,0.2475,10.4101
newsrc_ctcl_ctcr_cscLT_s0,CSC,CT-CL+CT-CR,4,1,brightness,31.7543,40.6032
newsrc_ctcl_ctcr_cscLT_s0,CSC,CT-CL+CT-CR,5,1,defocus_blur,10.4509,30.3878
newsrc_ctcl_ctcr_cscLT_s0,CSC,CT-CL+CT-CR,6,2,fog,43.9271,43.6365
newsrc_ctcl_ctcr_cscLT_s0,CSC,CT-CL+CT-CR,7,2,motion_blur,15.5518,37.324
newsrc_ctcl_ctcr_cscLT_s0,CSC,CT-CL+CT-CR,8,2,snow,0.3992,10.5208
newsrc_ctcl_ctcr_cscLT_s0,CSC,CT-CL+CT-CR,9,2,brightness,38.2335,43.2432
newsrc_ctcl_ctcr_cscLT_s0,CSC,CT-CL+CT-CR,10,2,defocus_blur,14.4865,33.3609
newsrc_ctcl_ctcr_cscLT_s0,CSC,CT-CL+CT-CR,11,3,fog,44.7999,42.9477
newsrc_ctcl_ctcr_cscLT_s0,CSC,CT-CL+CT-CR,12,3,motion_blur,17.0837,37.7455
newsrc_ctcl_ctcr_cscLT_s0,CSC,CT-CL+CT-CR,13,3,snow,0.8156,11.092
newsrc_ctcl_ctcr_cscLT_s0,CSC,CT-CL+CT-CR,14,3,brightness,40.5799,43.6383
newsrc_ctcl_ctcr_cscLT_s0,CSC,CT-CL+CT-CR,15,3,defocus_blur,16.6073,34.5832
newsrc_ctcl_ctcr_cscLT_s0,CSC,CT-CL+CT-CR,16,4,fog,45.3839,41.0034
newsrc_ctcl_ctcr_cscLT_s0,CSC,CT-CL+CT-CR,17,4,motion_blur,18.6924,37.5854
newsrc_ctcl_ctcr_cscLT_s0,CSC,CT-CL+CT-CR,18,4,snow,1.6137,11.8169
newsrc_ctcl_ctcr_cscLT_s0,CSC,CT-CL+CT-CR,19,4,brightness,42.9429,43.1632
newsrc_ctcl_ctcr_cscLT_s0,CSC,CT-CL+CT-CR,20,4,defocus_blur,18.45,34.8423
newsrc_ctcl_ctcr_cscLT_s0,CSC,CT-CL+CT-CR,21,5,fog,43.9154,38.9053
newsrc_ctcl_ctcr_cscLT_s0,CSC,CT-CL+CT-CR,22,5,motion_blur,17.9952,37.065
newsrc_ctcl_ctcr_cscLT_s0,CSC,CT-CL+CT-CR,23,5,snow,2.0175,12.2906
newsrc_ctcl_ctcr_cscLT_s0,CSC,CT-CL+CT-CR,24,5,brightness,42.223,42.7261
newsrc_ctcl_ctcr_cscLT_s0,CSC,CT-CL+CT-CR,25,5,defocus_blur,19.0562,34.2632
newsrc_ctcl_ctcr_cscLT_s0,CSC,CT-CL+CT-CR,26,6,fog,43.2444,37.0019
newsrc_ctcl_ctcr_cscLT_s0,CSC,CT-CL+CT-CR,27,6,motion_blur,18.6952,36.4597
newsrc_ctcl_ctcr_cscLT_s0,CSC,CT-CL+CT-CR,28,6,snow,2.9373,12.9481
newsrc_ctcl_ctcr_cscLT_s0,CSC,CT-CL+CT-CR,29,6,brightness,41.6016,41.5223
newsrc_ctcl_ctcr_cscLT_s0,CSC,CT-CL+CT-CR,30,6,defocus_blur,19.3181,33.6831
newsrc_ctcl_ctcr_cscLT_s0,CSC,CT-CL+CT-CR,31,7,fog,42.4731,35.6111
newsrc_ctcl_ctcr_cscLT_s0,CSC,CT-CL+CT-CR,32,7,motion_blur,18.5526,35.7938
newsrc_ctcl_ctcr_cscLT_s0,CSC,CT-CL+CT-CR,33,7,snow,3.7767,13.2224
newsrc_ctcl_ctcr_cscLT_s0,CSC,CT-CL+CT-CR,34,7,brightness,41.3134,40.6899
newsrc_ctcl_ctcr_cscLT_s0,CSC,CT-CL+CT-CR,35,7,defocus_blur,19.5015,33.0205
newsrc_ctcl_ctcr_cscLT_s0,CSC,CT-CL+CT-CR,36,8,fog,42.2034,34.459
newsrc_ctcl_ctcr_cscLT_s0,CSC,CT-CL+CT-CR,37,8,motion_blur,18.8079,35.1793
newsrc_ctcl_ctcr_cscLT_s0,CSC,CT-CL+CT-CR,38,8,snow,4.5767,13.6752
newsrc_ctcl_ctcr_cscLT_s0,CSC,CT-CL+CT-CR,39,8,brightness,40.6453,39.7954
newsrc_ctcl_ctcr_cscLT_s0,CSC,CT-CL+CT-CR,40,8,defocus_blur,19.3177,32.7387
newsrc_ctcl_ctcr_cscLT_s0,CSC,CT-CL+CT-CR,41,9,fog,40.7905,33.5322
newsrc_ctcl_ctcr_cscLT_s0,CSC,CT-CL+CT-CR,42,9,motion_blur,18.75,34.6848
newsrc_ctcl_ctcr_cscLT_s0,CSC,CT-CL+CT-CR,43,9,snow,4.8616,13.8707
newsrc_ctcl_ctcr_cscLT_s0,CSC,CT-CL+CT-CR,44,9,brightness,40.3888,38.6134
newsrc_ctcl_ctcr_cscLT_s0,CSC,CT-CL+CT-CR,45,9,defocus_blur,18.9098,31.6562
newsrc_ctcl_ctcr_cscLT_s0,CSC,CT-CL+CT-CR,46,10,fog,40.2637,32.5496
newsrc_ctcl_ctcr_cscLT_s0,CSC,CT-CL+CT-CR,47,10,motion_blur,18.7411,33.8171
newsrc_ctcl_ctcr_cscLT_s0,CSC,CT-CL+CT-CR,48,10,snow,5.1134,13.9719
newsrc_ctcl_ctcr_cscLT_s0,CSC,CT-CL+CT-CR,49,10,brightness,38.2807,38.0715
newsrc_ctcl_ctcr_cscLT_s0,CSC,CT-CL+CT-CR,50,10,defocus_blur,18.6577,30.9692
newsrc_ctcl_ctcr_ctpv_cscLT_s0,CSC,+CTPV,1,1,fog,39.239,42.4746
newsrc_ctcl_ctcr_ctpv_cscLT_s0,CSC,+CTPV,2,1,motion_blur,12.3696,35.7501
newsrc_ctcl_ctcr_ctpv_cscLT_s0,CSC,+CTPV,3,1,snow,0.2475,10.44
newsrc_ctcl_ctcr_ctpv_cscLT_s0,CSC,+CTPV,4,1,brightness,29.5955,39.7699
newsrc_ctcl_ctcr_ctpv_cscLT_s0,CSC,+CTPV,5,1,defocus_blur,10.3981,30.9725
newsrc_ctcl_ctcr_ctpv_cscLT_s0,CSC,+CTPV,6,2,fog,45.1632,44.7194
newsrc_ctcl_ctcr_ctpv_cscLT_s0,CSC,+CTPV,7,2,motion_blur,16.0028,38.024
newsrc_ctcl_ctcr_ctpv_cscLT_s0,CSC,+CTPV,8,2,snow,0.4628,10.7684
newsrc_ctcl_ctcr_ctpv_cscLT_s0,CSC,+CTPV,9,2,brightness,37.7998,42.3562
newsrc_ctcl_ctcr_ctpv_cscLT_s0,CSC,+CTPV,10,2,defocus_blur,14.0836,33.3426
newsrc_ctcl_ctcr_ctpv_cscLT_s0,CSC,+CTPV,11,3,fog,44.7484,42.8974
newsrc_ctcl_ctcr_ctpv_cscLT_s0,CSC,+CTPV,12,3,motion_blur,17.4455,37.8406
newsrc_ctcl_ctcr_ctpv_cscLT_s0,CSC,+CTPV,13,3,snow,0.858,11.3808
newsrc_ctcl_ctcr_ctpv_cscLT_s0,CSC,+CTPV,14,3,brightness,39.7434,42.4666
newsrc_ctcl_ctcr_ctpv_cscLT_s0,CSC,+CTPV,15,3,defocus_blur,16.2212,33.6159
newsrc_ctcl_ctcr_ctpv_cscLT_s0,CSC,+CTPV,16,4,fog,43.5569,41.002
newsrc_ctcl_ctcr_ctpv_cscLT_s0,CSC,+CTPV,17,4,motion_blur,18.1319,37.124
newsrc_ctcl_ctcr_ctpv_cscLT_s0,CSC,+CTPV,18,4,snow,1.55,12.0798
newsrc_ctcl_ctcr_ctpv_cscLT_s0,CSC,+CTPV,19,4,brightness,40.8895,42.4065
newsrc_ctcl_ctcr_ctpv_cscLT_s0,CSC,+CTPV,20,4,defocus_blur,17.7512,33.8021
newsrc_ctcl_ctcr_ctpv_cscLT_s0,CSC,+CTPV,21,5,fog,43.6413,39.2369
newsrc_ctcl_ctcr_ctpv_cscLT_s0,CSC,+CTPV,22,5,motion_blur,17.9344,36.6999
newsrc_ctcl_ctcr_ctpv_cscLT_s0,CSC,+CTPV,23,5,snow,2.0315,12.5129
newsrc_ctcl_ctcr_ctpv_cscLT_s0,CSC,+CTPV,24,5,brightness,40.5397,42.3672
newsrc_ctcl_ctcr_ctpv_cscLT_s0,CSC,+CTPV,25,5,defocus_blur,18.0147,33.5683
newsrc_ctcl_ctcr_ctpv_cscLT_s0,CSC,+CTPV,26,6,fog,42.9331,37.3281
newsrc_ctcl_ctcr_ctpv_cscLT_s0,CSC,+CTPV,27,6,motion_blur,18.398,35.9688
newsrc_ctcl_ctcr_ctpv_cscLT_s0,CSC,+CTPV,28,6,snow,3.2328,13.2027
newsrc_ctcl_ctcr_ctpv_cscLT_s0,CSC,+CTPV,29,6,brightness,40.0193,41.4286
newsrc_ctcl_ctcr_ctpv_cscLT_s0,CSC,+CTPV,30,6,defocus_blur,19.5997,33.3497
newsrc_ctcl_ctcr_ctpv_cscLT_s0,CSC,+CTPV,31,7,fog,42.1216,35.9622
newsrc_ctcl_ctcr_ctpv_cscLT_s0,CSC,+CTPV,32,7,motion_blur,18.2398,35.3972
newsrc_ctcl_ctcr_ctpv_cscLT_s0,CSC,+CTPV,33,7,snow,3.3954,13.0969
newsrc_ctcl_ctcr_ctpv_cscLT_s0,CSC,+CTPV,34,7,brightness,39.7159,40.4188
newsrc_ctcl_ctcr_ctpv_cscLT_s0,CSC,+CTPV,35,7,defocus_blur,19.2725,32.7567
newsrc_ctcl_ctcr_ctpv_cscLT_s0,CSC,+CTPV,36,8,fog,41.0902,34.8183
newsrc_ctcl_ctcr_ctpv_cscLT_s0,CSC,+CTPV,37,8,motion_blur,18.8243,34.8837
newsrc_ctcl_ctcr_ctpv_cscLT_s0,CSC,+CTPV,38,8,snow,4.0915,13.5371
newsrc_ctcl_ctcr_ctpv_cscLT_s0,CSC,+CTPV,39,8,brightness,37.8956,39.5748
newsrc_ctcl_ctcr_ctpv_cscLT_s0,CSC,+CTPV,40,8,defocus_blur,19.5475,32.1647
newsrc_ctcl_ctcr_ctpv_cscLT_s0,CSC,+CTPV,41,9,fog,39.7441,33.4591
newsrc_ctcl_ctcr_ctpv_cscLT_s0,CSC,+CTPV,42,9,motion_blur,17.667,34.2261
newsrc_ctcl_ctcr_ctpv_cscLT_s0,CSC,+CTPV,43,9,snow,4.8499,13.6532
newsrc_ctcl_ctcr_ctpv_cscLT_s0,CSC,+CTPV,44,9,brightness,37.1696,38.7581
newsrc_ctcl_ctcr_ctpv_cscLT_s0,CSC,+CTPV,45,9,defocus_blur,18.9736,31.4854
newsrc_ctcl_ctcr_ctpv_cscLT_s0,CSC,+CTPV,46,10,fog,39.1692,32.4115
newsrc_ctcl_ctcr_ctpv_cscLT_s0,CSC,+CTPV,47,10,motion_blur,17.3486,33.4753
newsrc_ctcl_ctcr_ctpv_cscLT_s0,CSC,+CTPV,48,10,snow,5.1503,13.766
newsrc_ctcl_ctcr_ctpv_cscLT_s0,CSC,+CTPV,49,10,brightness,36.1594,37.7793
newsrc_ctcl_ctcr_ctpv_cscLT_s0,CSC,+CTPV,50,10,defocus_blur,18.2708,30.6911
