benchmark,run,AP50,mIoU,R1_AP50,R10_AP50,R1_mIoU,R10_mIoU,config,seed
ACDC-LT-x10,newsrc_base_acdcLT_s0,42.394905,41.2956,36.91245,44.6442,37.0681,43.299949999999995,newsrc_acdc_base.yaml,0
ACDC-LT-x10,newsrc_ctcl_acdcLT_s0,42.9198775,41.9493775,37.49345,44.547625,37.471425,43.551975,newsrc_acdc_ctcl.yaml,0
ACDC-LT-x10,newsrc_ctcl_ctcr_acdcLT_s0,43.8175825,41.8959575,38.707525,44.8585,38.12455,42.058725,newsrc_acdc_ctcl_ctcr.yaml,0
ACDC-LT-x10,newsrc_ctcl_ctcr_ctpv_acdcLT_s0,43.1855575,41.5826175,38.428975,42.786024999999995,37.94795,41.415075,newsrc_acdc_ctcl_ctcr_ctpv.yaml,0
ACDC-LT-x10,newsrc_ctcr_acdcLT_s0,43.880735,41.81697,38.095275,45.423874999999995,37.833325,42.235675,newsrc_acdc_ctcr.yaml,0
CSC-LT-x10,newsrc_base_cscLT_s0,25.351765999999998,33.667464,18.04826,28.81972,31.140140000000002,33.332139999999995,newsrc_csc_base.yaml,0
CSC-LT-x10,newsrc_ctcl_cscLT_s0,24.854618000000002,33.633503999999995,18.01124,26.809839999999998,31.47156,32.75002,newsrc_csc_ctcl.yaml,0
CSC-LT-x10,newsrc_ctcl_ctcr_cscLT_s0,24.007348,32.173044,18.774099999999997,24.21132,31.872339999999998,29.87586,newsrc_csc_ctcl_ctcr.yaml,0
CSC-LT-x10,newsrc_ctcl_ctcr_ctpv_cscLT_s0,23.425984,32.02424,18.36994,23.219659999999998,31.881420000000002,29.62464,newsrc_csc_ctcl_ctcr_ctpv.yaml,0
CSC-LT-x10,newsrc_ctcr_cscLT_s0,27.079444,33.104524,19.0161,29.35426,31.997120000000002,31.26842,newsrc_csc_ctcr.yaml,0
